-- --------------------------------------------------------
-- Host:                         localhost
-- Versión del servidor:         5.7.24 - MySQL Community Server (GPL)
-- SO del servidor:              Win64
-- HeidiSQL Versión:             10.2.0.5599
-- --------------------------------------------------------

/*!40101 SET @OLD_CHARACTER_SET_CLIENT=@@CHARACTER_SET_CLIENT */;
/*!40101 SET NAMES utf8 */;
/*!50503 SET NAMES utf8mb4 */;
/*!40014 SET @OLD_FOREIGN_KEY_CHECKS=@@FOREIGN_KEY_CHECKS, FOREIGN_KEY_CHECKS=0 */;
/*!40101 SET @OLD_SQL_MODE=@@SQL_MODE, SQL_MODE='NO_AUTO_VALUE_ON_ZERO' */;


-- Volcando estructura de base de datos para testkeplersi
CREATE DATABASE IF NOT EXISTS `testkeplersi` /*!40100 DEFAULT CHARACTER SET latin1 */;
USE `testkeplersi`;

-- Volcando estructura para tabla testkeplersi.answers
CREATE TABLE IF NOT EXISTS `answers` (
  `id` int(10) unsigned NOT NULL AUTO_INCREMENT,
  `question_id` int(10) unsigned NOT NULL,
  `entry_id` int(10) unsigned DEFAULT NULL,
  `value` varchar(255) COLLATE utf8mb4_unicode_ci NOT NULL,
  `created_at` timestamp NULL DEFAULT NULL,
  `updated_at` timestamp NULL DEFAULT NULL,
  PRIMARY KEY (`id`)
) ENGINE=InnoDB AUTO_INCREMENT=421 DEFAULT CHARSET=utf8mb4 COLLATE=utf8mb4_unicode_ci;

-- Volcando datos para la tabla testkeplersi.answers: ~420 rows (aproximadamente)
/*!40000 ALTER TABLE `answers` DISABLE KEYS */;
INSERT INTO `answers` (`id`, `question_id`, `entry_id`, `value`, `created_at`, `updated_at`) VALUES
	(1, 1, 1, '1', '2021-11-16 20:15:35', '2021-11-16 20:15:35'),
	(2, 2, 1, 'SI', '2021-11-16 20:15:35', '2021-11-16 20:15:35'),
	(3, 3, 1, 'SI', '2021-11-16 20:15:35', '2021-11-16 20:15:35'),
	(4, 4, 1, 'CONTINUAMENTE', '2021-11-16 20:15:35', '2021-11-16 20:15:35'),
	(5, 5, 1, 'SI', '2021-11-16 20:15:35', '2021-11-16 20:15:35'),
	(6, 6, 1, 'SI', '2021-11-16 20:15:35', '2021-11-16 20:15:35'),
	(7, 7, 1, 'Deniega la conexion', '2021-11-16 20:15:35', '2021-11-16 20:15:35'),
	(8, 8, 1, 'SI', '2021-11-16 20:15:35', '2021-11-16 20:15:35'),
	(9, 9, 1, 'NO', '2021-11-16 20:15:35', '2021-11-16 20:15:35'),
	(10, 10, 1, 'SI', '2021-11-16 20:15:35', '2021-11-16 20:15:35'),
	(11, 11, 1, 'CONTINUAMENTE', '2021-11-16 20:15:35', '2021-11-16 20:15:35'),
	(12, 12, 1, 'SI', '2021-11-16 20:15:35', '2021-11-16 20:15:35'),
	(13, 13, 1, 'NO', '2021-11-16 20:15:35', '2021-11-16 20:15:35'),
	(14, 14, 1, 'SI', '2021-11-16 20:15:35', '2021-11-16 20:15:35'),
	(15, 15, 1, 'SI', '2021-11-16 20:15:35', '2021-11-16 20:15:35'),
	(16, 16, 1, 'SI', '2021-11-16 20:15:35', '2021-11-16 20:15:35'),
	(17, 17, 1, 'SI', '2021-11-16 20:15:35', '2021-11-16 20:15:35'),
	(18, 18, 1, 'DENIEGA INSTALACION', '2021-11-16 20:15:35', '2021-11-16 20:15:35'),
	(19, 19, 1, 'SI', '2021-11-16 20:15:35', '2021-11-16 20:15:35'),
	(20, 20, 1, 'SI', '2021-11-16 20:15:35', '2021-11-16 20:15:35'),
	(21, 21, 1, 'CONTINUAMENTE', '2021-11-16 20:15:35', '2021-11-16 20:15:35'),
	(22, 22, 1, 'SI', '2021-11-16 20:15:36', '2021-11-16 20:15:36'),
	(23, 23, 1, 'CONTINUAMENTE', '2021-11-16 20:15:36', '2021-11-16 20:15:36'),
	(24, 24, 1, 'SI', '2021-11-16 20:15:36', '2021-11-16 20:15:36'),
	(25, 25, 1, 'SI', '2021-11-16 20:15:36', '2021-11-16 20:15:36'),
	(26, 26, 1, 'SI', '2021-11-16 20:15:36', '2021-11-16 20:15:36'),
	(27, 27, 1, 'SI', '2021-11-16 20:15:36', '2021-11-16 20:15:36'),
	(28, 28, 1, 'SI', '2021-11-16 20:15:36', '2021-11-16 20:15:36'),
	(29, 29, 1, 'SI', '2021-11-16 20:15:36', '2021-11-16 20:15:36'),
	(30, 30, 1, 'SI', '2021-11-16 20:15:36', '2021-11-16 20:15:36'),
	(31, 31, 1, 'SI', '2021-11-16 20:15:36', '2021-11-16 20:15:36'),
	(32, 32, 1, 'SI', '2021-11-16 20:15:36', '2021-11-16 20:15:36'),
	(33, 33, 1, 'SI', '2021-11-16 20:15:36', '2021-11-16 20:15:36'),
	(34, 34, 1, 'SI', '2021-11-16 20:15:36', '2021-11-16 20:15:36'),
	(35, 35, 1, 'SI', '2021-11-16 20:15:36', '2021-11-16 20:15:36'),
	(36, 36, 1, 'SI', '2021-11-16 20:15:36', '2021-11-16 20:15:36'),
	(37, 37, 1, 'SI', '2021-11-16 20:15:36', '2021-11-16 20:15:36'),
	(38, 38, 1, 'SI', '2021-11-16 20:15:36', '2021-11-16 20:15:36'),
	(39, 39, 1, 'CONTINUAMENTE', '2021-11-16 20:15:36', '2021-11-16 20:15:36'),
	(40, 40, 1, 'SI', '2021-11-16 20:15:36', '2021-11-16 20:15:36'),
	(41, 41, 1, 'SI', '2021-11-16 20:15:36', '2021-11-16 20:15:36'),
	(42, 42, 1, 'CONTINUAMENTE', '2021-11-16 20:15:36', '2021-11-16 20:15:36'),
	(43, 43, 1, 'NO', '2021-11-16 20:15:36', '2021-11-16 20:15:36'),
	(44, 44, 1, 'NO', '2021-11-16 20:15:36', '2021-11-16 20:15:36'),
	(45, 45, 1, '1', '2021-11-16 20:15:36', '2021-11-16 20:15:36'),
	(46, 46, 1, 'SI', '2021-11-16 20:15:36', '2021-11-16 20:15:36'),
	(47, 47, 1, 'SI', '2021-11-16 20:15:36', '2021-11-16 20:15:36'),
	(48, 48, 1, '1', '2021-11-16 20:15:36', '2021-11-16 20:15:36'),
	(49, 49, 1, 'SI', '2021-11-16 20:15:36', '2021-11-16 20:15:36'),
	(50, 50, 1, 'SI', '2021-11-16 20:15:36', '2021-11-16 20:15:36'),
	(51, 51, 1, 'SI', '2021-11-16 20:15:36', '2021-11-16 20:15:36'),
	(52, 52, 1, 'SI', '2021-11-16 20:15:36', '2021-11-16 20:15:36'),
	(53, 53, 1, 'SI', '2021-11-16 20:15:36', '2021-11-16 20:15:36'),
	(54, 54, 1, 'SI', '2021-11-16 20:15:36', '2021-11-16 20:15:36'),
	(55, 55, 1, 'SI', '2021-11-16 20:15:36', '2021-11-16 20:15:36'),
	(56, 56, 1, 'SI', '2021-11-16 20:15:36', '2021-11-16 20:15:36'),
	(57, 57, 1, 'SI', '2021-11-16 20:15:36', '2021-11-16 20:15:36'),
	(58, 58, 1, 'CONTINUAMENTE', '2021-11-16 20:15:36', '2021-11-16 20:15:36'),
	(59, 59, 1, 'SI', '2021-11-16 20:15:36', '2021-11-16 20:15:36'),
	(60, 60, 1, 'SI', '2021-11-16 20:15:36', '2021-11-16 20:15:36'),
	(61, 61, 1, 'SI', '2021-11-16 20:15:36', '2021-11-16 20:15:36'),
	(62, 62, 1, 'SI', '2021-11-16 20:15:36', '2021-11-16 20:15:36'),
	(63, 63, 1, 'SI', '2021-11-16 20:15:36', '2021-11-16 20:15:36'),
	(64, 64, 1, 'SI', '2021-11-16 20:15:36', '2021-11-16 20:15:36'),
	(65, 65, 1, 'SI', '2021-11-16 20:15:36', '2021-11-16 20:15:36'),
	(66, 66, 1, 'SI', '2021-11-16 20:15:36', '2021-11-16 20:15:36'),
	(67, 67, 1, 'NO', '2021-11-16 20:15:36', '2021-11-16 20:15:36'),
	(68, 68, 1, 'NO', '2021-11-16 20:15:36', '2021-11-16 20:15:36'),
	(69, 69, 1, 'SI', '2021-11-16 20:15:36', '2021-11-16 20:15:36'),
	(70, 70, 1, 'SI', '2021-11-16 20:15:36', '2021-11-16 20:15:36'),
	(71, 71, 1, 'SI', '2021-11-16 20:15:36', '2021-11-16 20:15:36'),
	(72, 72, 1, 'SI', '2021-11-16 20:15:36', '2021-11-16 20:15:36'),
	(73, 73, 1, 'SI', '2021-11-16 20:15:36', '2021-11-16 20:15:36'),
	(74, 74, 1, 'SI', '2021-11-16 20:15:36', '2021-11-16 20:15:36'),
	(75, 75, 1, 'SI', '2021-11-16 20:15:36', '2021-11-16 20:15:36'),
	(76, 76, 1, 'SI', '2021-11-16 20:15:36', '2021-11-16 20:15:36'),
	(77, 77, 1, 'SI', '2021-11-16 20:15:36', '2021-11-16 20:15:36'),
	(78, 78, 1, 'SI', '2021-11-16 20:15:36', '2021-11-16 20:15:36'),
	(79, 79, 1, 'SI', '2021-11-16 20:15:36', '2021-11-16 20:15:36'),
	(80, 80, 1, 'SI', '2021-11-16 20:15:36', '2021-11-16 20:15:36'),
	(81, 81, 1, 'SI', '2021-11-16 20:15:36', '2021-11-16 20:15:36'),
	(82, 82, 1, 'CONTINUAMENTE', '2021-11-16 20:15:36', '2021-11-16 20:15:36'),
	(83, 83, 1, 'SI', '2021-11-16 20:15:36', '2021-11-16 20:15:36'),
	(84, 84, 1, 'SI', '2021-11-16 20:15:36', '2021-11-16 20:15:36'),
	(85, 85, 1, 'CONTINUAMENTE', '2021-11-16 20:15:36', '2021-11-16 20:15:36'),
	(86, 86, 1, 'SI', '2021-11-16 20:15:36', '2021-11-16 20:15:36'),
	(87, 87, 1, 'SI', '2021-11-16 20:15:36', '2021-11-16 20:15:36'),
	(88, 88, 1, 'NO', '2021-11-16 20:15:36', '2021-11-16 20:15:36'),
	(89, 89, 1, 'NO', '2021-11-16 20:15:36', '2021-11-16 20:15:36'),
	(90, 90, 1, 'SI', '2021-11-16 20:15:36', '2021-11-16 20:15:36'),
	(91, 91, 1, 'NO', '2021-11-16 20:15:36', '2021-11-16 20:15:36'),
	(92, 92, 1, 'MENSUALMENTE', '2021-11-16 20:15:36', '2021-11-16 20:15:36'),
	(93, 93, 1, 'SI', '2021-11-16 20:15:36', '2021-11-16 20:15:36'),
	(94, 94, 1, '2', '2021-11-16 20:15:36', '2021-11-16 20:15:36'),
	(95, 95, 1, 'SI', '2021-11-16 20:15:36', '2021-11-16 20:15:36'),
	(96, 96, 1, 'SI', '2021-11-16 20:15:36', '2021-11-16 20:15:36'),
	(97, 97, 1, 'NO', '2021-11-16 20:15:36', '2021-11-16 20:15:36'),
	(98, 98, 1, 'MENSUALMENTE', '2021-11-16 20:15:36', '2021-11-16 20:15:36'),
	(99, 99, 1, 'SI', '2021-11-16 20:15:36', '2021-11-16 20:15:36'),
	(100, 100, 1, 'NO', '2021-11-16 20:15:36', '2021-11-16 20:15:36'),
	(101, 101, 1, 'ANUALMENTE', '2021-11-16 20:15:36', '2021-11-16 20:15:36'),
	(102, 102, 1, 'SI', '2021-11-16 20:15:36', '2021-11-16 20:15:36'),
	(103, 103, 1, 'SI', '2021-11-16 20:15:36', '2021-11-16 20:15:36'),
	(104, 104, 1, '2', '2021-11-16 20:15:36', '2021-11-16 20:15:36'),
	(105, 105, 1, 'NO', '2021-11-16 20:15:36', '2021-11-16 20:15:36'),
	(106, 106, 1, 'CONTINUAMENTE', '2021-11-16 20:15:36', '2021-11-16 20:15:36'),
	(107, 107, 1, 'NO', '2021-11-16 20:15:36', '2021-11-16 20:15:36'),
	(108, 108, 1, 'NO', '2021-11-16 20:15:36', '2021-11-16 20:15:36'),
	(109, 109, 1, 'SI', '2021-11-16 20:15:36', '2021-11-16 20:15:36'),
	(110, 110, 1, 'CONTINUAMENTE', '2021-11-16 20:15:36', '2021-11-16 20:15:36'),
	(111, 111, 1, 'SI', '2021-11-16 20:15:36', '2021-11-16 20:15:36'),
	(112, 112, 1, 'SI', '2021-11-16 20:15:36', '2021-11-16 20:15:36'),
	(113, 113, 1, 'MENSUALMENTE', '2021-11-16 20:15:36', '2021-11-16 20:15:36'),
	(114, 114, 1, 'SI', '2021-11-16 20:15:36', '2021-11-16 20:15:36'),
	(115, 115, 1, 'SI', '2021-11-16 20:15:36', '2021-11-16 20:15:36'),
	(116, 116, 1, 'SEMANALMENTE', '2021-11-16 20:15:36', '2021-11-16 20:15:36'),
	(117, 117, 1, 'SI', '2021-11-16 20:15:36', '2021-11-16 20:15:36'),
	(118, 118, 1, '1', '2021-11-16 20:15:36', '2021-11-16 20:15:36'),
	(119, 119, 1, '1', '2021-11-16 20:15:36', '2021-11-16 20:15:36'),
	(120, 120, 1, '1', '2021-11-16 20:15:36', '2021-11-16 20:15:36'),
	(121, 121, 1, '1', '2021-11-16 20:15:36', '2021-11-16 20:15:36'),
	(122, 122, 1, 'SI', '2021-11-16 20:15:36', '2021-11-16 20:15:36'),
	(123, 123, 1, 'SI', '2021-11-16 20:15:36', '2021-11-16 20:15:36'),
	(124, 124, 1, 'SI', '2021-11-16 20:15:36', '2021-11-16 20:15:36'),
	(125, 125, 1, 'SI', '2021-11-16 20:15:36', '2021-11-16 20:15:36'),
	(126, 126, 1, 'Externo', '2021-11-16 20:15:36', '2021-11-16 20:15:36'),
	(127, 127, 1, '1', '2021-11-16 20:15:36', '2021-11-16 20:15:36'),
	(128, 128, 1, 'SI', '2021-11-16 20:15:36', '2021-11-16 20:15:36'),
	(129, 129, 1, 'SI', '2021-11-16 20:15:36', '2021-11-16 20:15:36'),
	(130, 130, 1, 'SI', '2021-11-16 20:15:36', '2021-11-16 20:15:36'),
	(131, 131, 1, 'NO', '2021-11-16 20:15:36', '2021-11-16 20:15:36'),
	(132, 132, 1, 'NO', '2021-11-16 20:15:36', '2021-11-16 20:15:36'),
	(133, 133, 1, 'SI', '2021-11-16 20:15:36', '2021-11-16 20:15:36'),
	(134, 134, 1, 'NO', '2021-11-16 20:15:36', '2021-11-16 20:15:36'),
	(135, 135, 1, 'SI', '2021-11-16 20:15:36', '2021-11-16 20:15:36'),
	(136, 136, 1, 'NO', '2021-11-16 20:15:36', '2021-11-16 20:15:36'),
	(137, 137, 1, 'SI', '2021-11-16 20:15:36', '2021-11-16 20:15:36'),
	(138, 138, 1, 'SI', '2021-11-16 20:15:36', '2021-11-16 20:15:36'),
	(139, 139, 1, 'SI', '2021-11-16 20:15:36', '2021-11-16 20:15:36'),
	(140, 140, 1, 'SI', '2021-11-16 20:15:36', '2021-11-16 20:15:36'),
	(141, 1, 2, '1', '2021-11-19 01:37:30', '2021-11-19 01:37:30'),
	(142, 2, 2, 'SI', '2021-11-19 01:37:30', '2021-11-19 01:37:30'),
	(143, 3, 2, 'SI', '2021-11-19 01:37:30', '2021-11-19 01:37:30'),
	(144, 4, 2, 'CONTINUAMENTE', '2021-11-19 01:37:30', '2021-11-19 01:37:30'),
	(145, 5, 2, 'SI', '2021-11-19 01:37:30', '2021-11-19 01:37:30'),
	(146, 6, 2, 'NO', '2021-11-19 01:37:30', '2021-11-19 01:37:30'),
	(147, 7, 2, 'Se mantiene en cuarentena', '2021-11-19 01:37:30', '2021-11-19 01:37:30'),
	(148, 8, 2, 'NO', '2021-11-19 01:37:30', '2021-11-19 01:37:30'),
	(149, 9, 2, 'NO', '2021-11-19 01:37:30', '2021-11-19 01:37:30'),
	(150, 10, 2, 'EN PROCESO', '2021-11-19 01:37:30', '2021-11-19 01:37:30'),
	(151, 11, 2, 'ANUALMENTE', '2021-11-19 01:37:30', '2021-11-19 01:37:30'),
	(152, 12, 2, 'SI', '2021-11-19 01:37:30', '2021-11-19 01:37:30'),
	(153, 13, 2, 'SI', '2021-11-19 01:37:30', '2021-11-19 01:37:30'),
	(154, 14, 2, 'SI', '2021-11-19 01:37:30', '2021-11-19 01:37:30'),
	(155, 15, 2, 'SI', '2021-11-19 01:37:30', '2021-11-19 01:37:30'),
	(156, 16, 2, 'SI', '2021-11-19 01:37:30', '2021-11-19 01:37:30'),
	(157, 17, 2, 'SI', '2021-11-19 01:37:30', '2021-11-19 01:37:30'),
	(158, 18, 2, 'DENIEGA INSTALACION', '2021-11-19 01:37:30', '2021-11-19 01:37:30'),
	(159, 19, 2, 'SI', '2021-11-19 01:37:30', '2021-11-19 01:37:30'),
	(160, 20, 2, 'SI', '2021-11-19 01:37:30', '2021-11-19 01:37:30'),
	(161, 21, 2, 'CONTINUAMENTE', '2021-11-19 01:37:30', '2021-11-19 01:37:30'),
	(162, 22, 2, 'SI', '2021-11-19 01:37:31', '2021-11-19 01:37:31'),
	(163, 23, 2, 'CONTINUAMENTE', '2021-11-19 01:37:31', '2021-11-19 01:37:31'),
	(164, 24, 2, 'NO', '2021-11-19 01:37:31', '2021-11-19 01:37:31'),
	(165, 25, 2, 'SI', '2021-11-19 01:37:31', '2021-11-19 01:37:31'),
	(166, 26, 2, 'SI', '2021-11-19 01:37:31', '2021-11-19 01:37:31'),
	(167, 27, 2, 'SI', '2021-11-19 01:37:31', '2021-11-19 01:37:31'),
	(168, 28, 2, 'SI', '2021-11-19 01:37:31', '2021-11-19 01:37:31'),
	(169, 29, 2, 'SI', '2021-11-19 01:37:31', '2021-11-19 01:37:31'),
	(170, 30, 2, 'SI', '2021-11-19 01:37:31', '2021-11-19 01:37:31'),
	(171, 31, 2, 'SI', '2021-11-19 01:37:31', '2021-11-19 01:37:31'),
	(172, 32, 2, 'SI', '2021-11-19 01:37:31', '2021-11-19 01:37:31'),
	(173, 33, 2, 'SI', '2021-11-19 01:37:31', '2021-11-19 01:37:31'),
	(174, 34, 2, 'SI', '2021-11-19 01:37:31', '2021-11-19 01:37:31'),
	(175, 35, 2, 'SI', '2021-11-19 01:37:31', '2021-11-19 01:37:31'),
	(176, 36, 2, 'SI', '2021-11-19 01:37:31', '2021-11-19 01:37:31'),
	(177, 37, 2, 'SI', '2021-11-19 01:37:31', '2021-11-19 01:37:31'),
	(178, 38, 2, 'NO', '2021-11-19 01:37:31', '2021-11-19 01:37:31'),
	(179, 39, 2, 'ANUALMENTE', '2021-11-19 01:37:31', '2021-11-19 01:37:31'),
	(180, 40, 2, 'NO', '2021-11-19 01:37:31', '2021-11-19 01:37:31'),
	(181, 41, 2, 'SI', '2021-11-19 01:37:31', '2021-11-19 01:37:31'),
	(182, 42, 2, 'TRIMESTRAL/SEMESTRAL', '2021-11-19 01:37:31', '2021-11-19 01:37:31'),
	(183, 43, 2, 'NO', '2021-11-19 01:37:31', '2021-11-19 01:37:31'),
	(184, 44, 2, 'NO', '2021-11-19 01:37:31', '2021-11-19 01:37:31'),
	(185, 45, 2, '1', '2021-11-19 01:37:31', '2021-11-19 01:37:31'),
	(186, 46, 2, 'SI', '2021-11-19 01:37:31', '2021-11-19 01:37:31'),
	(187, 47, 2, 'SI', '2021-11-19 01:37:31', '2021-11-19 01:37:31'),
	(188, 48, 2, '2', '2021-11-19 01:37:31', '2021-11-19 01:37:31'),
	(189, 49, 2, 'SI', '2021-11-19 01:37:31', '2021-11-19 01:37:31'),
	(190, 50, 2, 'SI', '2021-11-19 01:37:31', '2021-11-19 01:37:31'),
	(191, 51, 2, 'NO', '2021-11-19 01:37:31', '2021-11-19 01:37:31'),
	(192, 52, 2, 'SI', '2021-11-19 01:37:31', '2021-11-19 01:37:31'),
	(193, 53, 2, 'SI', '2021-11-19 01:37:31', '2021-11-19 01:37:31'),
	(194, 54, 2, 'SI', '2021-11-19 01:37:31', '2021-11-19 01:37:31'),
	(195, 55, 2, 'SI', '2021-11-19 01:37:31', '2021-11-19 01:37:31'),
	(196, 56, 2, 'SI', '2021-11-19 01:37:31', '2021-11-19 01:37:31'),
	(197, 57, 2, 'SI', '2021-11-19 01:37:31', '2021-11-19 01:37:31'),
	(198, 58, 2, 'CONTINUAMENTE', '2021-11-19 01:37:31', '2021-11-19 01:37:31'),
	(199, 59, 2, 'SI', '2021-11-19 01:37:31', '2021-11-19 01:37:31'),
	(200, 60, 2, 'SI', '2021-11-19 01:37:31', '2021-11-19 01:37:31'),
	(201, 61, 2, 'SI', '2021-11-19 01:37:31', '2021-11-19 01:37:31'),
	(202, 62, 2, 'NO', '2021-11-19 01:37:31', '2021-11-19 01:37:31'),
	(203, 63, 2, 'SI', '2021-11-19 01:37:31', '2021-11-19 01:37:31'),
	(204, 64, 2, 'SI', '2021-11-19 01:37:31', '2021-11-19 01:37:31'),
	(205, 65, 2, 'SI', '2021-11-19 01:37:31', '2021-11-19 01:37:31'),
	(206, 66, 2, 'SI', '2021-11-19 01:37:31', '2021-11-19 01:37:31'),
	(207, 67, 2, 'NO', '2021-11-19 01:37:31', '2021-11-19 01:37:31'),
	(208, 68, 2, 'SI', '2021-11-19 01:37:31', '2021-11-19 01:37:31'),
	(209, 69, 2, 'SI', '2021-11-19 01:37:31', '2021-11-19 01:37:31'),
	(210, 70, 2, 'SI', '2021-11-19 01:37:31', '2021-11-19 01:37:31'),
	(211, 71, 2, 'SI', '2021-11-19 01:37:31', '2021-11-19 01:37:31'),
	(212, 72, 2, 'NO', '2021-11-19 01:37:31', '2021-11-19 01:37:31'),
	(213, 73, 2, 'NO', '2021-11-19 01:37:31', '2021-11-19 01:37:31'),
	(214, 74, 2, 'SI', '2021-11-19 01:37:31', '2021-11-19 01:37:31'),
	(215, 75, 2, 'SI', '2021-11-19 01:37:31', '2021-11-19 01:37:31'),
	(216, 76, 2, 'SI', '2021-11-19 01:37:31', '2021-11-19 01:37:31'),
	(217, 77, 2, 'SI', '2021-11-19 01:37:31', '2021-11-19 01:37:31'),
	(218, 78, 2, 'NO', '2021-11-19 01:37:31', '2021-11-19 01:37:31'),
	(219, 79, 2, 'SI', '2021-11-19 01:37:31', '2021-11-19 01:37:31'),
	(220, 80, 2, 'OTRO', '2021-11-19 01:37:31', '2021-11-19 01:37:31'),
	(221, 81, 2, 'SI', '2021-11-19 01:37:31', '2021-11-19 01:37:31'),
	(222, 82, 2, 'CONTINUAMENTE', '2021-11-19 01:37:31', '2021-11-19 01:37:31'),
	(223, 83, 2, 'OTRO', '2021-11-19 01:37:31', '2021-11-19 01:37:31'),
	(224, 84, 2, 'SI', '2021-11-19 01:37:31', '2021-11-19 01:37:31'),
	(225, 85, 2, 'SEMESTRALMENTE', '2021-11-19 01:37:31', '2021-11-19 01:37:31'),
	(226, 86, 2, 'NO', '2021-11-19 01:37:31', '2021-11-19 01:37:31'),
	(227, 87, 2, 'SI', '2021-11-19 01:37:31', '2021-11-19 01:37:31'),
	(228, 88, 2, 'SI', '2021-11-19 01:37:31', '2021-11-19 01:37:31'),
	(229, 89, 2, 'SI', '2021-11-19 01:37:31', '2021-11-19 01:37:31'),
	(230, 90, 2, 'SI', '2021-11-19 01:37:31', '2021-11-19 01:37:31'),
	(231, 91, 2, 'SI', '2021-11-19 01:37:31', '2021-11-19 01:37:31'),
	(232, 92, 2, 'CONTINUAMENTE', '2021-11-19 01:37:31', '2021-11-19 01:37:31'),
	(233, 93, 2, 'SI', '2021-11-19 01:37:31', '2021-11-19 01:37:31'),
	(234, 94, 2, '2', '2021-11-19 01:37:31', '2021-11-19 01:37:31'),
	(235, 95, 2, 'SI', '2021-11-19 01:37:31', '2021-11-19 01:37:31'),
	(236, 96, 2, 'SI', '2021-11-19 01:37:31', '2021-11-19 01:37:31'),
	(237, 97, 2, 'SI', '2021-11-19 01:37:31', '2021-11-19 01:37:31'),
	(238, 98, 2, 'CONTINUAMENTE', '2021-11-19 01:37:31', '2021-11-19 01:37:31'),
	(239, 99, 2, 'NO', '2021-11-19 01:37:31', '2021-11-19 01:37:31'),
	(240, 100, 2, 'SI', '2021-11-19 01:37:31', '2021-11-19 01:37:31'),
	(241, 101, 2, 'CONTINUAMENTE', '2021-11-19 01:37:31', '2021-11-19 01:37:31'),
	(242, 102, 2, 'SI', '2021-11-19 01:37:31', '2021-11-19 01:37:31'),
	(243, 103, 2, 'SI', '2021-11-19 01:37:31', '2021-11-19 01:37:31'),
	(244, 104, 2, '2', '2021-11-19 01:37:31', '2021-11-19 01:37:31'),
	(245, 105, 2, 'SI', '2021-11-19 01:37:31', '2021-11-19 01:37:31'),
	(246, 106, 2, 'CONTINUAMENTE', '2021-11-19 01:37:31', '2021-11-19 01:37:31'),
	(247, 107, 2, 'SI', '2021-11-19 01:37:31', '2021-11-19 01:37:31'),
	(248, 108, 2, 'SI', '2021-11-19 01:37:31', '2021-11-19 01:37:31'),
	(249, 109, 2, 'NO', '2021-11-19 01:37:31', '2021-11-19 01:37:31'),
	(250, 110, 2, 'SEMESTRALMENTE', '2021-11-19 01:37:31', '2021-11-19 01:37:31'),
	(251, 111, 2, 'SI', '2021-11-19 01:37:31', '2021-11-19 01:37:31'),
	(252, 112, 2, 'SI', '2021-11-19 01:37:31', '2021-11-19 01:37:31'),
	(253, 113, 2, 'MENSUALMENTE', '2021-11-19 01:37:31', '2021-11-19 01:37:31'),
	(254, 114, 2, 'NO', '2021-11-19 01:37:31', '2021-11-19 01:37:31'),
	(255, 115, 2, 'NO', '2021-11-19 01:37:31', '2021-11-19 01:37:31'),
	(256, 116, 2, 'SEMANALMENTE', '2021-11-19 01:37:31', '2021-11-19 01:37:31'),
	(257, 117, 2, 'NO', '2021-11-19 01:37:31', '2021-11-19 01:37:31'),
	(258, 118, 2, '1', '2021-11-19 01:37:31', '2021-11-19 01:37:31'),
	(259, 119, 2, '1', '2021-11-19 01:37:31', '2021-11-19 01:37:31'),
	(260, 120, 2, '2', '2021-11-19 01:37:31', '2021-11-19 01:37:31'),
	(261, 121, 2, '2', '2021-11-19 01:37:31', '2021-11-19 01:37:31'),
	(262, 122, 2, 'SI', '2021-11-19 01:37:31', '2021-11-19 01:37:31'),
	(263, 123, 2, 'NO', '2021-11-19 01:37:31', '2021-11-19 01:37:31'),
	(264, 124, 2, 'SI', '2021-11-19 01:37:31', '2021-11-19 01:37:31'),
	(265, 125, 2, 'SI', '2021-11-19 01:37:31', '2021-11-19 01:37:31'),
	(266, 126, 2, 'Externo', '2021-11-19 01:37:31', '2021-11-19 01:37:31'),
	(267, 127, 2, '2', '2021-11-19 01:37:31', '2021-11-19 01:37:31'),
	(268, 128, 2, 'SI', '2021-11-19 01:37:31', '2021-11-19 01:37:31'),
	(269, 129, 2, 'SI', '2021-11-19 01:37:31', '2021-11-19 01:37:31'),
	(270, 130, 2, 'NO', '2021-11-19 01:37:31', '2021-11-19 01:37:31'),
	(271, 131, 2, 'NO', '2021-11-19 01:37:31', '2021-11-19 01:37:31'),
	(272, 132, 2, 'SI', '2021-11-19 01:37:31', '2021-11-19 01:37:31'),
	(273, 133, 2, 'SI', '2021-11-19 01:37:31', '2021-11-19 01:37:31'),
	(274, 134, 2, 'SI', '2021-11-19 01:37:31', '2021-11-19 01:37:31'),
	(275, 135, 2, 'SI', '2021-11-19 01:37:31', '2021-11-19 01:37:31'),
	(276, 136, 2, 'NO', '2021-11-19 01:37:31', '2021-11-19 01:37:31'),
	(277, 137, 2, 'SI', '2021-11-19 01:37:31', '2021-11-19 01:37:31'),
	(278, 138, 2, 'NO', '2021-11-19 01:37:31', '2021-11-19 01:37:31'),
	(279, 139, 2, 'SI', '2021-11-19 01:37:31', '2021-11-19 01:37:31'),
	(280, 140, 2, 'SI', '2021-11-19 01:37:31', '2021-11-19 01:37:31'),
	(281, 1, 3, '1', '2021-11-23 17:40:20', '2021-11-23 17:40:20'),
	(282, 2, 3, 'SI', '2021-11-23 17:40:20', '2021-11-23 17:40:20'),
	(283, 3, 3, 'SI', '2021-11-23 17:40:20', '2021-11-23 17:40:20'),
	(284, 4, 3, 'CONTINUAMENTE', '2021-11-23 17:40:20', '2021-11-23 17:40:20'),
	(285, 5, 3, 'SI', '2021-11-23 17:40:20', '2021-11-23 17:40:20'),
	(286, 6, 3, 'SI', '2021-11-23 17:40:20', '2021-11-23 17:40:20'),
	(287, 7, 3, 'Deniega la conexion', '2021-11-23 17:40:20', '2021-11-23 17:40:20'),
	(288, 8, 3, 'SI', '2021-11-23 17:40:20', '2021-11-23 17:40:20'),
	(289, 9, 3, 'NO', '2021-11-23 17:40:20', '2021-11-23 17:40:20'),
	(290, 10, 3, 'SI', '2021-11-23 17:40:20', '2021-11-23 17:40:20'),
	(291, 11, 3, 'CONTINUAMENTE', '2021-11-23 17:40:20', '2021-11-23 17:40:20'),
	(292, 12, 3, 'SI', '2021-11-23 17:40:20', '2021-11-23 17:40:20'),
	(293, 13, 3, 'SI', '2021-11-23 17:40:20', '2021-11-23 17:40:20'),
	(294, 14, 3, 'SI', '2021-11-23 17:40:20', '2021-11-23 17:40:20'),
	(295, 15, 3, 'SI', '2021-11-23 17:40:20', '2021-11-23 17:40:20'),
	(296, 16, 3, 'SI', '2021-11-23 17:40:20', '2021-11-23 17:40:20'),
	(297, 17, 3, 'SI', '2021-11-23 17:40:20', '2021-11-23 17:40:20'),
	(298, 18, 3, 'DENIEGA INSTALACION', '2021-11-23 17:40:20', '2021-11-23 17:40:20'),
	(299, 19, 3, 'SI', '2021-11-23 17:40:20', '2021-11-23 17:40:20'),
	(300, 20, 3, 'SI', '2021-11-23 17:40:20', '2021-11-23 17:40:20'),
	(301, 21, 3, 'CONTINUAMENTE', '2021-11-23 17:40:20', '2021-11-23 17:40:20'),
	(302, 22, 3, 'SI', '2021-11-23 17:40:20', '2021-11-23 17:40:20'),
	(303, 23, 3, 'CONTINUAMENTE', '2021-11-23 17:40:20', '2021-11-23 17:40:20'),
	(304, 24, 3, 'SI', '2021-11-23 17:40:20', '2021-11-23 17:40:20'),
	(305, 25, 3, 'SI', '2021-11-23 17:40:20', '2021-11-23 17:40:20'),
	(306, 26, 3, 'SI', '2021-11-23 17:40:20', '2021-11-23 17:40:20'),
	(307, 27, 3, 'SI', '2021-11-23 17:40:20', '2021-11-23 17:40:20'),
	(308, 28, 3, 'SI', '2021-11-23 17:40:20', '2021-11-23 17:40:20'),
	(309, 29, 3, 'SI', '2021-11-23 17:40:20', '2021-11-23 17:40:20'),
	(310, 30, 3, 'SI', '2021-11-23 17:40:20', '2021-11-23 17:40:20'),
	(311, 31, 3, 'SI', '2021-11-23 17:40:20', '2021-11-23 17:40:20'),
	(312, 32, 3, 'SI', '2021-11-23 17:40:20', '2021-11-23 17:40:20'),
	(313, 33, 3, 'SI', '2021-11-23 17:40:20', '2021-11-23 17:40:20'),
	(314, 34, 3, 'SI', '2021-11-23 17:40:20', '2021-11-23 17:40:20'),
	(315, 35, 3, 'SI', '2021-11-23 17:40:20', '2021-11-23 17:40:20'),
	(316, 36, 3, 'SI', '2021-11-23 17:40:20', '2021-11-23 17:40:20'),
	(317, 37, 3, 'SI', '2021-11-23 17:40:20', '2021-11-23 17:40:20'),
	(318, 38, 3, 'SI', '2021-11-23 17:40:20', '2021-11-23 17:40:20'),
	(319, 39, 3, 'CONTINUAMENTE', '2021-11-23 17:40:20', '2021-11-23 17:40:20'),
	(320, 40, 3, 'SI', '2021-11-23 17:40:20', '2021-11-23 17:40:20'),
	(321, 41, 3, 'SI', '2021-11-23 17:40:20', '2021-11-23 17:40:20'),
	(322, 42, 3, 'CONTINUAMENTE', '2021-11-23 17:40:20', '2021-11-23 17:40:20'),
	(323, 43, 3, 'SI', '2021-11-23 17:40:20', '2021-11-23 17:40:20'),
	(324, 44, 3, 'SI', '2021-11-23 17:40:20', '2021-11-23 17:40:20'),
	(325, 45, 3, '1', '2021-11-23 17:40:20', '2021-11-23 17:40:20'),
	(326, 46, 3, 'SI', '2021-11-23 17:40:20', '2021-11-23 17:40:20'),
	(327, 47, 3, 'SI', '2021-11-23 17:40:20', '2021-11-23 17:40:20'),
	(328, 48, 3, '2', '2021-11-23 17:40:20', '2021-11-23 17:40:20'),
	(329, 49, 3, 'SI', '2021-11-23 17:40:20', '2021-11-23 17:40:20'),
	(330, 50, 3, 'SI', '2021-11-23 17:40:20', '2021-11-23 17:40:20'),
	(331, 51, 3, 'SI', '2021-11-23 17:40:20', '2021-11-23 17:40:20'),
	(332, 52, 3, 'SI', '2021-11-23 17:40:20', '2021-11-23 17:40:20'),
	(333, 53, 3, 'SI', '2021-11-23 17:40:20', '2021-11-23 17:40:20'),
	(334, 54, 3, 'SI', '2021-11-23 17:40:20', '2021-11-23 17:40:20'),
	(335, 55, 3, 'SI', '2021-11-23 17:40:20', '2021-11-23 17:40:20'),
	(336, 56, 3, 'SI', '2021-11-23 17:40:20', '2021-11-23 17:40:20'),
	(337, 57, 3, 'SI', '2021-11-23 17:40:20', '2021-11-23 17:40:20'),
	(338, 58, 3, 'CONTINUAMENTE', '2021-11-23 17:40:20', '2021-11-23 17:40:20'),
	(339, 59, 3, 'SI', '2021-11-23 17:40:20', '2021-11-23 17:40:20'),
	(340, 60, 3, 'SI', '2021-11-23 17:40:20', '2021-11-23 17:40:20'),
	(341, 61, 3, 'SI', '2021-11-23 17:40:20', '2021-11-23 17:40:20'),
	(342, 62, 3, 'SI', '2021-11-23 17:40:20', '2021-11-23 17:40:20'),
	(343, 63, 3, 'SI', '2021-11-23 17:40:20', '2021-11-23 17:40:20'),
	(344, 64, 3, 'SI', '2021-11-23 17:40:20', '2021-11-23 17:40:20'),
	(345, 65, 3, 'SI', '2021-11-23 17:40:20', '2021-11-23 17:40:20'),
	(346, 66, 3, 'SI', '2021-11-23 17:40:20', '2021-11-23 17:40:20'),
	(347, 67, 3, 'SI', '2021-11-23 17:40:20', '2021-11-23 17:40:20'),
	(348, 68, 3, 'SI', '2021-11-23 17:40:20', '2021-11-23 17:40:20'),
	(349, 69, 3, 'SI', '2021-11-23 17:40:20', '2021-11-23 17:40:20'),
	(350, 70, 3, 'SI', '2021-11-23 17:40:20', '2021-11-23 17:40:20'),
	(351, 71, 3, 'SI', '2021-11-23 17:40:20', '2021-11-23 17:40:20'),
	(352, 72, 3, 'SI', '2021-11-23 17:40:20', '2021-11-23 17:40:20'),
	(353, 73, 3, 'SI', '2021-11-23 17:40:20', '2021-11-23 17:40:20'),
	(354, 74, 3, 'SI', '2021-11-23 17:40:20', '2021-11-23 17:40:20'),
	(355, 75, 3, 'SI', '2021-11-23 17:40:20', '2021-11-23 17:40:20'),
	(356, 76, 3, 'SI', '2021-11-23 17:40:20', '2021-11-23 17:40:20'),
	(357, 77, 3, 'SI', '2021-11-23 17:40:20', '2021-11-23 17:40:20'),
	(358, 78, 3, 'SI', '2021-11-23 17:40:20', '2021-11-23 17:40:20'),
	(359, 79, 3, 'SI', '2021-11-23 17:40:20', '2021-11-23 17:40:20'),
	(360, 80, 3, 'SI', '2021-11-23 17:40:20', '2021-11-23 17:40:20'),
	(361, 81, 3, 'SI', '2021-11-23 17:40:20', '2021-11-23 17:40:20'),
	(362, 82, 3, 'CONTINUAMENTE', '2021-11-23 17:40:20', '2021-11-23 17:40:20'),
	(363, 83, 3, 'SI', '2021-11-23 17:40:20', '2021-11-23 17:40:20'),
	(364, 84, 3, 'SI', '2021-11-23 17:40:20', '2021-11-23 17:40:20'),
	(365, 85, 3, 'CONTINUAMENTE', '2021-11-23 17:40:20', '2021-11-23 17:40:20'),
	(366, 86, 3, 'SI', '2021-11-23 17:40:20', '2021-11-23 17:40:20'),
	(367, 87, 3, 'SI', '2021-11-23 17:40:20', '2021-11-23 17:40:20'),
	(368, 88, 3, 'SI', '2021-11-23 17:40:20', '2021-11-23 17:40:20'),
	(369, 89, 3, 'SI', '2021-11-23 17:40:20', '2021-11-23 17:40:20'),
	(370, 90, 3, 'SI', '2021-11-23 17:40:20', '2021-11-23 17:40:20'),
	(371, 91, 3, 'SI', '2021-11-23 17:40:20', '2021-11-23 17:40:20'),
	(372, 92, 3, 'CONTINUAMENTE', '2021-11-23 17:40:20', '2021-11-23 17:40:20'),
	(373, 93, 3, 'SI', '2021-11-23 17:40:20', '2021-11-23 17:40:20'),
	(374, 94, 3, '1', '2021-11-23 17:40:20', '2021-11-23 17:40:20'),
	(375, 95, 3, 'SI', '2021-11-23 17:40:20', '2021-11-23 17:40:20'),
	(376, 96, 3, 'SI', '2021-11-23 17:40:20', '2021-11-23 17:40:20'),
	(377, 97, 3, 'SI', '2021-11-23 17:40:20', '2021-11-23 17:40:20'),
	(378, 98, 3, 'CONTINUAMENTE', '2021-11-23 17:40:20', '2021-11-23 17:40:20'),
	(379, 99, 3, 'SI', '2021-11-23 17:40:20', '2021-11-23 17:40:20'),
	(380, 100, 3, 'SI', '2021-11-23 17:40:20', '2021-11-23 17:40:20'),
	(381, 101, 3, 'CONTINUAMENTE', '2021-11-23 17:40:20', '2021-11-23 17:40:20'),
	(382, 102, 3, 'SI', '2021-11-23 17:40:20', '2021-11-23 17:40:20'),
	(383, 103, 3, 'SI', '2021-11-23 17:40:20', '2021-11-23 17:40:20'),
	(384, 104, 3, '3', '2021-11-23 17:40:20', '2021-11-23 17:40:20'),
	(385, 105, 3, 'SI', '2021-11-23 17:40:20', '2021-11-23 17:40:20'),
	(386, 106, 3, 'CONTINUAMENTE', '2021-11-23 17:40:20', '2021-11-23 17:40:20'),
	(387, 107, 3, 'SI', '2021-11-23 17:40:20', '2021-11-23 17:40:20'),
	(388, 108, 3, 'SI', '2021-11-23 17:40:20', '2021-11-23 17:40:20'),
	(389, 109, 3, 'SI', '2021-11-23 17:40:20', '2021-11-23 17:40:20'),
	(390, 110, 3, 'CONTINUAMENTE', '2021-11-23 17:40:20', '2021-11-23 17:40:20'),
	(391, 111, 3, 'SI', '2021-11-23 17:40:20', '2021-11-23 17:40:20'),
	(392, 112, 3, 'SI', '2021-11-23 17:40:20', '2021-11-23 17:40:20'),
	(393, 113, 3, 'CONTINUAMENTE', '2021-11-23 17:40:20', '2021-11-23 17:40:20'),
	(394, 114, 3, 'SI', '2021-11-23 17:40:20', '2021-11-23 17:40:20'),
	(395, 115, 3, 'SI', '2021-11-23 17:40:20', '2021-11-23 17:40:20'),
	(396, 116, 3, 'CONTINUAMENTE', '2021-11-23 17:40:20', '2021-11-23 17:40:20'),
	(397, 117, 3, 'SI', '2021-11-23 17:40:20', '2021-11-23 17:40:20'),
	(398, 118, 3, '1', '2021-11-23 17:40:20', '2021-11-23 17:40:20'),
	(399, 119, 3, '3', '2021-11-23 17:40:20', '2021-11-23 17:40:20'),
	(400, 120, 3, '2', '2021-11-23 17:40:20', '2021-11-23 17:40:20'),
	(401, 121, 3, '2', '2021-11-23 17:40:20', '2021-11-23 17:40:20'),
	(402, 122, 3, 'SI', '2021-11-23 17:40:20', '2021-11-23 17:40:20'),
	(403, 123, 3, 'NO', '2021-11-23 17:40:20', '2021-11-23 17:40:20'),
	(404, 124, 3, 'SI', '2021-11-23 17:40:20', '2021-11-23 17:40:20'),
	(405, 125, 3, 'SI', '2021-11-23 17:40:20', '2021-11-23 17:40:20'),
	(406, 126, 3, 'Externo', '2021-11-23 17:40:20', '2021-11-23 17:40:20'),
	(407, 127, 3, '21', '2021-11-23 17:40:20', '2021-11-23 17:40:20'),
	(408, 128, 3, 'SI', '2021-11-23 17:40:20', '2021-11-23 17:40:20'),
	(409, 129, 3, 'SI', '2021-11-23 17:40:20', '2021-11-23 17:40:20'),
	(410, 130, 3, 'SI', '2021-11-23 17:40:20', '2021-11-23 17:40:20'),
	(411, 131, 3, 'SI', '2021-11-23 17:40:20', '2021-11-23 17:40:20'),
	(412, 132, 3, 'SI', '2021-11-23 17:40:20', '2021-11-23 17:40:20'),
	(413, 133, 3, 'SI', '2021-11-23 17:40:20', '2021-11-23 17:40:20'),
	(414, 134, 3, 'SI', '2021-11-23 17:40:20', '2021-11-23 17:40:20'),
	(415, 135, 3, 'SI', '2021-11-23 17:40:20', '2021-11-23 17:40:20'),
	(416, 136, 3, 'SI', '2021-11-23 17:40:20', '2021-11-23 17:40:20'),
	(417, 137, 3, 'SI', '2021-11-23 17:40:20', '2021-11-23 17:40:20'),
	(418, 138, 3, 'SI', '2021-11-23 17:40:20', '2021-11-23 17:40:20'),
	(419, 139, 3, 'SI', '2021-11-23 17:40:20', '2021-11-23 17:40:20'),
	(420, 140, 3, 'SI', '2021-11-23 17:40:20', '2021-11-23 17:40:20');
/*!40000 ALTER TABLE `answers` ENABLE KEYS */;

-- Volcando estructura para tabla testkeplersi.entries
CREATE TABLE IF NOT EXISTS `entries` (
  `id` int(10) unsigned NOT NULL AUTO_INCREMENT,
  `survey_id` int(10) unsigned NOT NULL,
  `participant_id` int(10) unsigned DEFAULT NULL,
  `created_at` timestamp NULL DEFAULT NULL,
  `updated_at` timestamp NULL DEFAULT NULL,
  PRIMARY KEY (`id`)
) ENGINE=InnoDB AUTO_INCREMENT=4 DEFAULT CHARSET=utf8mb4 COLLATE=utf8mb4_unicode_ci;

-- Volcando datos para la tabla testkeplersi.entries: ~0 rows (aproximadamente)
/*!40000 ALTER TABLE `entries` DISABLE KEYS */;
INSERT INTO `entries` (`id`, `survey_id`, `participant_id`, `created_at`, `updated_at`) VALUES
	(1, 1, 1, '2021-11-16 20:15:35', '2021-11-16 20:15:35'),
	(2, 1, 2, '2021-11-19 01:37:30', '2021-11-19 01:37:30'),
	(3, 1, 3, '2021-11-23 17:40:20', '2021-11-23 17:40:20');
/*!40000 ALTER TABLE `entries` ENABLE KEYS */;

-- Volcando estructura para tabla testkeplersi.failed_jobs
CREATE TABLE IF NOT EXISTS `failed_jobs` (
  `id` bigint(20) unsigned NOT NULL AUTO_INCREMENT,
  `uuid` varchar(255) COLLATE utf8mb4_unicode_ci NOT NULL,
  `connection` text COLLATE utf8mb4_unicode_ci NOT NULL,
  `queue` text COLLATE utf8mb4_unicode_ci NOT NULL,
  `payload` longtext COLLATE utf8mb4_unicode_ci NOT NULL,
  `exception` longtext COLLATE utf8mb4_unicode_ci NOT NULL,
  `failed_at` timestamp NOT NULL DEFAULT CURRENT_TIMESTAMP,
  PRIMARY KEY (`id`),
  UNIQUE KEY `failed_jobs_uuid_unique` (`uuid`)
) ENGINE=InnoDB DEFAULT CHARSET=utf8mb4 COLLATE=utf8mb4_unicode_ci;

-- Volcando datos para la tabla testkeplersi.failed_jobs: ~0 rows (aproximadamente)
/*!40000 ALTER TABLE `failed_jobs` DISABLE KEYS */;
/*!40000 ALTER TABLE `failed_jobs` ENABLE KEYS */;

-- Volcando estructura para tabla testkeplersi.migrations
CREATE TABLE IF NOT EXISTS `migrations` (
  `id` int(10) unsigned NOT NULL AUTO_INCREMENT,
  `migration` varchar(255) COLLATE utf8mb4_unicode_ci NOT NULL,
  `batch` int(11) NOT NULL,
  PRIMARY KEY (`id`)
) ENGINE=InnoDB AUTO_INCREMENT=10 DEFAULT CHARSET=utf8mb4 COLLATE=utf8mb4_unicode_ci;

-- Volcando datos para la tabla testkeplersi.migrations: ~9 rows (aproximadamente)
/*!40000 ALTER TABLE `migrations` DISABLE KEYS */;
INSERT INTO `migrations` (`id`, `migration`, `batch`) VALUES
	(1, '2014_10_12_000000_create_users_table', 1),
	(2, '2014_10_12_100000_create_password_resets_table', 1),
	(3, '2019_08_19_000000_create_failed_jobs_table', 1),
	(4, '2019_12_14_000001_create_personal_access_tokens_table', 1),
	(5, '2021_10_20_174302_create_answers_table', 1),
	(6, '2021_10_20_174302_create_entries_table', 1),
	(7, '2021_10_20_174302_create_questions_table', 1),
	(8, '2021_10_20_174302_create_sections_table', 1),
	(9, '2021_10_20_174302_create_surveys_table', 1);
/*!40000 ALTER TABLE `migrations` ENABLE KEYS */;

-- Volcando estructura para tabla testkeplersi.password_resets
CREATE TABLE IF NOT EXISTS `password_resets` (
  `email` varchar(255) COLLATE utf8mb4_unicode_ci NOT NULL,
  `token` varchar(255) COLLATE utf8mb4_unicode_ci NOT NULL,
  `created_at` timestamp NULL DEFAULT NULL,
  KEY `password_resets_email_index` (`email`)
) ENGINE=InnoDB DEFAULT CHARSET=utf8mb4 COLLATE=utf8mb4_unicode_ci;

-- Volcando datos para la tabla testkeplersi.password_resets: ~0 rows (aproximadamente)
/*!40000 ALTER TABLE `password_resets` DISABLE KEYS */;
/*!40000 ALTER TABLE `password_resets` ENABLE KEYS */;

-- Volcando estructura para tabla testkeplersi.personal_access_tokens
CREATE TABLE IF NOT EXISTS `personal_access_tokens` (
  `id` bigint(20) unsigned NOT NULL AUTO_INCREMENT,
  `tokenable_type` varchar(255) COLLATE utf8mb4_unicode_ci NOT NULL,
  `tokenable_id` bigint(20) unsigned NOT NULL,
  `name` varchar(255) COLLATE utf8mb4_unicode_ci NOT NULL,
  `token` varchar(64) COLLATE utf8mb4_unicode_ci NOT NULL,
  `abilities` text COLLATE utf8mb4_unicode_ci,
  `last_used_at` timestamp NULL DEFAULT NULL,
  `created_at` timestamp NULL DEFAULT NULL,
  `updated_at` timestamp NULL DEFAULT NULL,
  PRIMARY KEY (`id`),
  UNIQUE KEY `personal_access_tokens_token_unique` (`token`),
  KEY `personal_access_tokens_tokenable_type_tokenable_id_index` (`tokenable_type`,`tokenable_id`)
) ENGINE=InnoDB DEFAULT CHARSET=utf8mb4 COLLATE=utf8mb4_unicode_ci;

-- Volcando datos para la tabla testkeplersi.personal_access_tokens: ~0 rows (aproximadamente)
/*!40000 ALTER TABLE `personal_access_tokens` DISABLE KEYS */;
/*!40000 ALTER TABLE `personal_access_tokens` ENABLE KEYS */;

-- Volcando estructura para tabla testkeplersi.questions
CREATE TABLE IF NOT EXISTS `questions` (
  `id` int(10) unsigned NOT NULL AUTO_INCREMENT,
  `survey_id` int(10) unsigned DEFAULT NULL,
  `section_id` int(10) unsigned DEFAULT NULL,
  `content` varchar(255) COLLATE utf8mb4_unicode_ci NOT NULL,
  `type` varchar(255) COLLATE utf8mb4_unicode_ci NOT NULL DEFAULT 'text',
  `options` json DEFAULT NULL,
  `rules` json DEFAULT NULL,
  `created_at` timestamp NULL DEFAULT NULL,
  `updated_at` timestamp NULL DEFAULT NULL,
  PRIMARY KEY (`id`)
) ENGINE=InnoDB AUTO_INCREMENT=141 DEFAULT CHARSET=utf8mb4 COLLATE=utf8mb4_unicode_ci;

-- Volcando datos para la tabla testkeplersi.questions: ~140 rows (aproximadamente)
/*!40000 ALTER TABLE `questions` DISABLE KEYS */;
INSERT INTO `questions` (`id`, `survey_id`, `section_id`, `content`, `type`, `options`, `rules`, `created_at`, `updated_at`) VALUES
	(1, 1, 1, '¿Que prioridad le da la empresa a este punto de un 1 a 10?', 'number', NULL, '["required", "numeric", "min:1", "max:10"]', '2021-11-16 15:55:03', '2021-11-16 15:55:03'),
	(2, 1, 1, '¿Cuentan con un inventario de todo el HW?', 'radio', '["SI", "NO", "EN PROCESO"]', '["required"]', '2021-11-16 15:55:03', '2021-11-16 15:55:03'),
	(3, 1, 1, '¿Esta automatizado este inventario?', 'radio', '["SI", "NO", "EN PARTE"]', '["required"]', '2021-11-16 15:55:03', '2021-11-16 15:55:03'),
	(4, 1, 1, '¿Con que frecuencia se actualiza?', 'radio', '["CONTINUAMENTE", "TRIMESTRAL/SEMESTRAL", "ANUALMENTE", "OTROS"]', '["required"]', '2021-11-16 15:55:03', '2021-11-16 15:55:03'),
	(5, 1, 1, '¿Existe un procedimiento que establezca el responsable del inventario, a quien reporta, qué se regiStra y cada cuánto se revisa?', 'radio', '["SI", "NO", "EN PROCESO"]', '["required"]', '2021-11-16 15:55:03', '2021-11-16 15:55:03'),
	(6, 1, 2, '¿Existe un procedimiento qué indica qué hacer ante la conexión de un activo no autorizado?', 'radio', '["SI", "NO", "EN PROCESO"]', '["required"]', '2021-11-16 15:55:03', '2021-11-16 15:55:03'),
	(7, 1, 2, '¿Qué se realiza ante un activo no autorizado?', 'radio', '["Deniega la conexion", "Se mantiene en cuarentena", "Otro"]', '["required"]', '2021-11-16 15:55:03', '2021-11-16 15:55:03'),
	(8, 1, 2, '¿El inventario de hardware a sido aprobado por la direccion?', 'radio', '["SI", "NO", "EN PROCESO"]', '["required"]', '2021-11-16 15:55:03', '2021-11-16 15:55:03'),
	(9, 1, 3, '¿Cuéntan con un inventario del software instalado en las maquinas de su red?', 'radio', '["SI", "NO", "EN PROCESO"]', '["required"]', '2021-11-16 15:55:03', '2021-11-16 15:55:03'),
	(10, 1, 3, '¿Este inventario está automatizado?', 'radio', '["SI", "NO", "EN PROCESO"]', '["required"]', '2021-11-16 15:55:03', '2021-11-16 15:55:03'),
	(11, 1, 3, '¿Con qué frecuencia se actualiza?', 'radio', '["CONTINUAMENTE", "TRIMESTRAL/SEMESTRAL", "ANUALMENTE", "OTROS"]', '["required"]', '2021-11-16 15:55:03', '2021-11-16 15:55:03'),
	(12, 1, 3, '¿Existe un procedimiento que establezca el responsable del inventario, a quien reporta, qué se registra y cada cuánto se revisa?', 'radio', '["SI", "NO", "EN PROCESO"]', '["required"]', '2021-11-16 15:55:03', '2021-11-16 15:55:03'),
	(13, 1, 3, '¿Tiene incluido en su inventario de software los firmware de routers, switch y firewall de su red?', 'radio', '["SI", "NO"]', '["required"]', '2021-11-16 15:55:03', '2021-11-16 15:55:03'),
	(14, 1, 4, '¿Todo el software tiene soporte?', 'radio', '["SI", "NO", "PARCIALMENTE"]', '["required"]', '2021-11-16 15:55:03', '2021-11-16 15:55:03'),
	(15, 1, 4, 'En caso de contar con software sin soporte ¿Se cuenta con un plan de mitigación de riesgos?', 'radio', '["SI", "NO", "PARCIALMENTE"]', '["required"]', '2021-11-16 15:55:03', '2021-11-16 15:55:03'),
	(16, 1, 4, '¿Estan actualizados los firmware de los routers, switchs y firewalls de su red?', 'radio', '["SI", "NO"]', '["required"]', '2021-11-16 15:55:03', '2021-11-16 15:55:03'),
	(17, 1, 5, '¿Existe un procedimiento qué indica qué hacer ante la presencia de un sofware no autorizado?', 'radio', '["SI", "NO", "EN PROCESO"]', '["required"]', '2021-11-16 15:55:03', '2021-11-16 15:55:03'),
	(18, 1, 5, '¿Qué se realiza ante un activo no autorizado?', 'radio', '["DENIEGA INSTALACION", "SE MANTIENE EN CUARENTENA", "SE VALIDA EXCEPCIÓN"]', '["required"]', '2021-11-16 15:55:03', '2021-11-16 15:55:03'),
	(19, 1, 6, '¿Cuéntan con un proceso de gestión de información sensible?', 'radio', '["SI", "NO"]', '["required"]', '2021-11-16 15:55:03', '2021-11-16 15:55:03'),
	(20, 1, 6, '¿Este proceso esta escrito?', 'radio', '["SI", "NO"]', '["required"]', '2021-11-16 15:55:03', '2021-11-16 15:55:03'),
	(21, 1, 6, '¿Con que frecuencia se actualiza?', 'radio', '["CONTINUAMENTE", "TRIMESTRAL/SEMESTRAL", "ANUALMENTE", "OTROS"]', '["required"]', '2021-11-16 15:55:03', '2021-11-16 15:55:03'),
	(22, 1, 7, '¿Cuentan con un inventario de información sensible?', 'radio', '["SI", "NO", "OTRO"]', '["required"]', '2021-11-16 15:55:03', '2021-11-16 15:55:03'),
	(23, 1, 7, '¿Con que frecuencia se actualiza?', 'radio', '["CONTINUAMENTE", "TRIMESTRAL/SEMESTRAL", "ANUALMENTE", "OTROS"]', '["required"]', '2021-11-16 15:55:03', '2021-11-16 15:55:03'),
	(24, 1, 8, '¿Este proceso esta escrito?', 'radio', '["SI", "NO"]', '["required"]', '2021-11-16 15:55:03', '2021-11-16 15:55:03'),
	(25, 1, 8, '¿Cuentan con listas de control de acceso a la informacion?', 'radio', '["SI", "NO", "OTRO"]', '["required"]', '2021-11-16 15:55:03', '2021-11-16 15:55:03'),
	(26, 1, 8, '¿Los usuarios cuentan con cuentas de acceso personal para acceder al sistema?', 'radio', '["SI", "NO", "PARCIALMENTE"]', '["required"]', '2021-11-16 15:55:03', '2021-11-16 15:55:03'),
	(27, 1, 8, '¿Los administradores de la red cuentan con un perfil propio en todos los equipos?', 'radio', '["SI", "NO", "PARCIALMENTE"]', '["required"]', '2021-11-16 15:55:03', '2021-11-16 15:55:03'),
	(28, 1, 9, '¿Este proceso esta escrito?', 'radio', '["SI", "NO"]', '["required"]', '2021-11-16 15:55:03', '2021-11-16 15:55:03'),
	(29, 1, 9, '¿Se incluye en el proceso de gestión de información sensible este punto, incluyendo retención minima y máxima?', 'radio', '["SI", "NO"]', '["required"]', '2021-11-16 15:55:03', '2021-11-16 15:55:03'),
	(30, 1, 9, '¿Esta definido el tiempo de mantencion de los archivos corporativos?', 'radio', '["SI", "NO"]', '["required"]', '2021-11-16 15:55:03', '2021-11-16 15:55:03'),
	(31, 1, 10, '¿Este proceso esta escrito?', 'radio', '["SI", "NO"]', '["required"]', '2021-11-16 15:55:03', '2021-11-16 15:55:03'),
	(32, 1, 10, '¿Se incluye en el proceso de gestión de información sensible este punto sobre la eliminación de información sensible?', 'radio', '["SI", "NO"]', '["required"]', '2021-11-16 15:55:03', '2021-11-16 15:55:03'),
	(33, 1, 10, '¿Existe un procedimiento para manejar el equipo de un empleado que ha dejado la compañía?', 'radio', '["SI", "NO", "NO ESCRITO"]', '["required"]', '2021-11-16 15:55:03', '2021-11-16 15:55:03'),
	(34, 1, 11, '¿Este proceso esta escrito?', 'radio', '["SI", "NO"]', '["required"]', '2021-11-16 15:55:03', '2021-11-16 15:55:03'),
	(35, 1, 11, '¿Cuentan con listas de control de acceso a la informacion?', 'radio', '["SI", "NO", "OTRO"]', '["required"]', '2021-11-16 15:55:03', '2021-11-16 15:55:03'),
	(36, 1, 11, '¿Cuentan los equipos con sistema de encriptacion activado?', 'radio', '["SI", "NO", "ALGUNOS"]', '["required"]', '2021-11-16 15:55:03', '2021-11-16 15:55:03'),
	(37, 1, 12, '¿Los equipos de la compañía cuenta con configuraciones seguras habilitadas?', 'radio', '["SI", "NO"]', '["required"]', '2021-11-16 15:55:03', '2021-11-16 15:55:03'),
	(38, 1, 12, '¿Estas configuraciones están documentadas?', 'radio', '["SI", "NO"]', '["required"]', '2021-11-16 15:55:03', '2021-11-16 15:55:03'),
	(39, 1, 12, '¿Con qué frecuencia se actualiza?', 'radio', '["CONTINUAMENTE", "TRIMESTRAL/SEMESTRAL", "ANUALMENTE", "OTROS"]', '["required"]', '2021-11-16 15:55:03', '2021-11-16 15:55:03'),
	(40, 1, 13, '¿Los equipos de la compañía cuenta con configuraciones seguras habilitadas?', 'radio', '["SI", "NO"]', '["required"]', '2021-11-16 15:55:03', '2021-11-16 15:55:03'),
	(41, 1, 13, '¿Estas configuraciones están documentadas?', 'radio', '["SI", "NO"]', '["required"]', '2021-11-16 15:55:03', '2021-11-16 15:55:03'),
	(42, 1, 13, '¿Con qué frecuencia se actualiza?', 'radio', '["CONTINUAMENTE", "TRIMESTRAL/SEMESTRAL", "ANUALMENTE", "OTROS"]', '["required"]', '2021-11-16 15:55:03', '2021-11-16 15:55:03'),
	(43, 1, 14, '¿Estas configuraciones están documentadas?', 'radio', '["SI", "NO"]', '["required"]', '2021-11-16 15:55:03', '2021-11-16 15:55:03'),
	(44, 1, 14, '¿Los equipos de la compañía cuenta con el bloqueo de sesión automático ante inactividad?', 'radio', '["SI", "NO"]', '["required"]', '2021-11-16 15:55:03', '2021-11-16 15:55:03'),
	(45, 1, 14, '¿Después de qué periodo de inactividad se bloquea? (Minutos)', 'radio', '["1", "5", "10", "15", "OTRO"]', '["required"]', '2021-11-16 15:55:03', '2021-11-16 15:55:03'),
	(46, 1, 15, '¿Estas configuraciones están documentadas?', 'radio', '["SI", "NO"]', '["required"]', '2021-11-16 15:55:03', '2021-11-16 15:55:03'),
	(47, 1, 15, '¿Cuéntan con firewall configurado? ', 'radio', '["SI", "NO"]', '["required"]', '2021-11-16 15:55:03', '2021-11-16 15:55:03'),
	(48, 1, 15, '¿De que tipo? ', 'text', NULL, NULL, '2021-11-16 15:55:03', '2021-11-16 15:55:03'),
	(49, 1, 15, '¿Existe una regla "default-deny" que impide el tráfico excepto el de los servicios o puertos permitidos?', 'radio', '["SI", "NO"]', '["required"]', '2021-11-16 15:55:03', '2021-11-16 15:55:03'),
	(50, 1, 16, '¿Estas configuraciones están documentadas?', 'radio', '["SI", "NO"]', '["required"]', '2021-11-16 15:55:03', '2021-11-16 15:55:03'),
	(51, 1, 16, '¿Utiliza la empresa configuraciones seguras como protocolos SSH y VPN para las conecciones?', 'radio', '["SI", "NO"]', '["required"]', '2021-11-16 15:55:03', '2021-11-16 15:55:03'),
	(52, 1, 17, '¿Estas configuraciones están documentadas?', 'radio', '["SI", "NO"]', '["required"]', '2021-11-16 15:55:03', '2021-11-16 15:55:03'),
	(53, 1, 17, '¿Su pagina institucional utiliza certificado?', 'radio', '["SI", "NO"]', '["required"]', '2021-11-16 15:55:03', '2021-11-16 15:55:03'),
	(54, 1, 18, '¿Estas configuraciones están documentadas?', 'radio', '["SI", "NO"]', '["required"]', '2021-11-16 15:55:03', '2021-11-16 15:55:03'),
	(55, 1, 18, '¿Utiliza la empresa configuraciones seguras como protocolos SSH y VPN para las conecciones?', 'radio', '["SI", "NO"]', '["required"]', '2021-11-16 15:55:03', '2021-11-16 15:55:03'),
	(56, 1, 19, '¿Se cuenta con un inventario de cuentas?', 'radio', '["SI", "NO"]', '["required"]', '2021-11-16 15:55:03', '2021-11-16 15:55:03'),
	(57, 1, 19, '¿Estas configuraciones están documentadas?', 'radio', '["SI", "NO"]', '["required"]', '2021-11-16 15:55:03', '2021-11-16 15:55:03'),
	(58, 1, 19, '¿Con qué frecuencia se actualiza?', 'radio', '["CONTINUAMENTE", "TRIMESTRAL/SEMESTRAL", "ANUALMENTE", "OTROS"]', '["required"]', '2021-11-16 15:55:03', '2021-11-16 15:55:03'),
	(59, 1, 20, '¿Estas configuraciones están documentadas?', 'radio', '["SI", "NO"]', '["required"]', '2021-11-16 15:55:03', '2021-11-16 15:55:03'),
	(60, 1, 20, '¿Cuentan con segundo factor de autentificacion en las cuentas?', 'radio', '["SI", "NO"]', '["required"]', '2021-11-16 15:55:03', '2021-11-16 15:55:03'),
	(61, 1, 20, '¿Las contraseñas utilizadas en la compañía tienen un minimo de 8 caracteres con+L39 2FA o 14 sin 2FA?', 'radio', '["SI", "NO"]', '["required"]', '2021-11-16 15:55:03', '2021-11-16 15:55:03'),
	(62, 1, 21, '¿Estas configuraciones están documentadas?', 'radio', '["SI", "NO"]', '["required"]', '2021-11-16 15:55:03', '2021-11-16 15:55:03'),
	(63, 1, 21, '¿Las cuentas sin uso o "durmientes" son desacticvadas despues de 45 días sin actividad?', 'radio', '["SI", "NO", "OTRO"]', '["required"]', '2021-11-16 15:55:03', '2021-11-16 15:55:03'),
	(64, 1, 22, '¿Estas configuraciones están documentadas?', 'radio', '["SI", "NO"]', '["required"]', '2021-11-16 15:55:03', '2021-11-16 15:55:03'),
	(65, 1, 22, '¿Tienen todos los dispositivos de usuario configurada la cuenta administrador?', 'radio', '["SI", "NO"]', '["required"]', '2021-11-16 15:55:03', '2021-11-16 15:55:03'),
	(66, 1, 22, 'El uso diario de los equipos ¿es realizado desde la cuenta de usuario solamente?', 'radio', '["SI", "NO"]', '["required"]', '2021-11-16 15:55:03', '2021-11-16 15:55:03'),
	(67, 1, 22, '¿Tienen los administradores de red una cuenta en todos los equipos?', 'radio', '["SI", "NO"]', '["required"]', '2021-11-16 15:55:03', '2021-11-16 15:55:03'),
	(68, 1, 23, '¿Existe un proceso escrito de generación de cuenta ante una nueva contratación?', 'radio', '["SI", "NO", "OTRO"]', '["required"]', '2021-11-16 15:55:03', '2021-11-16 15:55:03'),
	(69, 1, 23, '¿Este proceso es automatizado?', 'radio', '["SI", "NO"]', '["required"]', '2021-11-16 15:55:03', '2021-11-16 15:55:03'),
	(70, 1, 23, '¿Se sigue este proceso también para cambios de rol de un usuario?', 'radio', '["SI", "NO"]', '["required"]', '2021-11-16 15:55:03', '2021-11-16 15:55:03'),
	(71, 1, 24, '¿Existe un proceso escrito de generación de cuenta ante una nueva contratación?', 'radio', '["SI", "NO", "OTRO"]', '["required"]', '2021-11-16 15:55:03', '2021-11-16 15:55:03'),
	(72, 1, 24, '¿Este proceso es automatizado?', 'radio', '["SI", "NO"]', '["required"]', '2021-11-16 15:55:03', '2021-11-16 15:55:03'),
	(73, 1, 24, '¿Se sigue este proceso también para cambios de rol de un usuario?', 'radio', '["SI", "NO"]', '["required"]', '2021-11-16 15:55:03', '2021-11-16 15:55:03'),
	(74, 1, 25, '¿Existe esta configuración?', 'radio', '["SI", "NO"]', '["required"]', '2021-11-16 15:55:03', '2021-11-16 15:55:03'),
	(75, 1, 25, '¿Está documentada?', 'radio', '["SI", "NO"]', '["required"]', '2021-11-16 15:55:03', '2021-11-16 15:55:03'),
	(76, 1, 26, '¿Existe esta configuración?', 'radio', '["SI", "NO"]', '["required"]', '2021-11-16 15:55:03', '2021-11-16 15:55:03'),
	(77, 1, 26, '¿Está documentada?', 'radio', '["SI", "NO"]', '["required"]', '2021-11-16 15:55:03', '2021-11-16 15:55:03'),
	(78, 1, 27, '¿Existe esta configuración?', 'radio', '["SI", "NO"]', '["required"]', '2021-11-16 15:55:03', '2021-11-16 15:55:03'),
	(79, 1, 27, '¿Está documentada?', 'radio', '["SI", "NO"]', '["required"]', '2021-11-16 15:55:03', '2021-11-16 15:55:03'),
	(80, 1, 28, '¿Existe un proceso escrito de gestión de vulnerabilidades de los dispositivos de la empresa?', 'radio', '["SI", "NO", "OTRO"]', '["required"]', '2021-11-16 15:55:03', '2021-11-16 15:55:03'),
	(81, 1, 28, '¿Este proceso es automatizado?', 'radio', '["SI", "NO"]', '["required"]', '2021-11-16 15:55:03', '2021-11-16 15:55:03'),
	(82, 1, 28, '¿Cada cuanto se revisa el proceso?', 'radio', '["CONTINUAMENTE", "MENSUALMENTE", "SEMESTRALMENTE", "ANUALMENTE"]', '["required"]', '2021-11-16 15:55:03', '2021-11-16 15:55:03'),
	(83, 1, 29, '¿Existe un proceso escrito de gestión de vulnerabilidades de los dispositivos de la empresa?', 'radio', '["SI", "NO", "OTRO"]', '["required"]', '2021-11-16 15:55:03', '2021-11-16 15:55:03'),
	(84, 1, 29, '¿Este proceso es automatizado?', 'radio', '["SI", "NO"]', '["required"]', '2021-11-16 15:55:03', '2021-11-16 15:55:03'),
	(85, 1, 29, '¿Cada cuanto se revisa el proceso?', 'radio', '["CONTINUAMENTE", "MENSUALMENTE", "SEMESTRALMENTE", "ANUALMENTE"]', '["required"]', '2021-11-16 15:55:03', '2021-11-16 15:55:03'),
	(86, 1, 30, '¿Este proceso es automatizado?', 'radio', '["SI", "NO"]', '["required"]', '2021-11-16 15:55:03', '2021-11-16 15:55:03'),
	(87, 1, 30, '¿Se ha realizado esta implementacion?', 'radio', '["SI", "NO"]', '["required"]', '2021-11-16 15:55:03', '2021-11-16 15:55:03'),
	(88, 1, 31, '¿Este proceso es automatizado?', 'radio', '["SI", "NO"]', '["required"]', '2021-11-16 15:55:03', '2021-11-16 15:55:03'),
	(89, 1, 31, '¿Se ha realizado esta implementacion?', 'radio', '["SI", "NO"]', '["required"]', '2021-11-16 15:55:03', '2021-11-16 15:55:03'),
	(90, 1, 32, '¿Se ha realizado esta configuración?', 'radio', '["SI", "NO", "OTRO"]', '["required"]', '2021-11-16 15:55:03', '2021-11-16 15:55:03'),
	(91, 1, 32, '¿Existe un proceso escrito de gestión de logs de auditoria?', 'radio', '["SI", "NO", "OTRO"]', '["required"]', '2021-11-16 15:55:03', '2021-11-16 15:55:03'),
	(92, 1, 32, '¿Cada cuanto se revisa el proceso?', 'radio', '["CONTINUAMENTE", "MENSUALMENTE", "SEMESTRALMENTE", "ANUALMENTE"]', '["required"]', '2021-11-16 15:55:03', '2021-11-16 15:55:03'),
	(93, 1, 33, '¿Se ha realizado esta configuración?', 'radio', '["SI", "NO", "OTRO"]', '["required"]', '2021-11-16 15:55:03', '2021-11-16 15:55:03'),
	(94, 1, 34, '¿Se cumple este punto? ¿Cómo?', 'text', NULL, '["required", "min:1", "max:255"]', '2021-11-16 15:55:03', '2021-11-16 15:55:03'),
	(95, 1, 34, '¿Se hacen backups de los logs?', 'radio', '["SI", "NO"]', '["required"]', '2021-11-16 15:55:03', '2021-11-16 15:55:03'),
	(96, 1, 35, '¿Se ha realizado esta configuración?', 'radio', '["SI", "NO", "OTRO"]', '["required"]', '2021-11-16 15:55:03', '2021-11-16 15:55:03'),
	(97, 1, 35, '¿Existe un proceso escrito?', 'radio', '["SI", "NO"]', '["required"]', '2021-11-16 15:55:03', '2021-11-16 15:55:03'),
	(98, 1, 35, '¿Cada cuanto se revisa el proceso?', 'radio', '["CONTINUAMENTE", "MENSUALMENTE", "SEMESTRALMENTE", "ANUALMENTE"]', '["required"]', '2021-11-16 15:55:03', '2021-11-16 15:55:03'),
	(99, 1, 36, '¿Se ha realizado esta configuración?', 'radio', '["SI", "NO", "OTRO"]', '["required"]', '2021-11-16 15:55:03', '2021-11-16 15:55:03'),
	(100, 1, 36, '¿Existe un proceso escrito?', 'radio', '["SI", "NO"]', '["required"]', '2021-11-16 15:55:03', '2021-11-16 15:55:03'),
	(101, 1, 36, '¿Cada cuanto se revisa el proceso?', 'radio', '["CONTINUAMENTE", "MENSUALMENTE", "SEMESTRALMENTE", "ANUALMENTE"]', '["required"]', '2021-11-16 15:55:03', '2021-11-16 15:55:03'),
	(102, 1, 36, '¿Usa algun servicio de filtrado de DNS?', 'radio', '["SI", "NO", "OTRO"]', '["required"]', '2021-11-16 15:55:03', '2021-11-16 15:55:03'),
	(103, 1, 37, '¿Se ha realizado esta configuración?', 'radio', '["SI", "NO", "OTRO"]', '["required"]', '2021-11-16 15:55:03', '2021-11-16 15:55:03'),
	(104, 1, 37, '¿Que Software ocupa la empresa?', 'text', NULL, '["required", "min:1", "max:255"]', '2021-11-16 15:55:03', '2021-11-16 15:55:03'),
	(105, 1, 37, '¿Existe un proceso escrito que detalle la configuracion?', 'radio', '["SI", "NO"]', '["required"]', '2021-11-16 15:55:03', '2021-11-16 15:55:03'),
	(106, 1, 37, '¿Cada cuanto se revisa el proceso?', 'radio', '["CONTINUAMENTE", "MENSUALMENTE", "SEMESTRALMENTE", "ANUALMENTE"]', '["required"]', '2021-11-16 15:55:03', '2021-11-16 15:55:03'),
	(107, 1, 37, '¿Tiene su software anti-malware un sistema centralizado de administracion?', 'radio', '["SI", "NO"]', '["required"]', '2021-11-16 15:55:03', '2021-11-16 15:55:03'),
	(108, 1, 38, '¿Se ha realizado esta configuración?', 'radio', '["SI", "NO", "OTRO"]', '["required"]', '2021-11-16 15:55:03', '2021-11-16 15:55:03'),
	(109, 1, 38, '¿Existe un proceso escrito que detalle la configuracion?', 'radio', '["SI", "NO"]', '["required"]', '2021-11-16 15:55:03', '2021-11-16 15:55:03'),
	(110, 1, 38, '¿Cada cuanto se revisa el proceso?', 'radio', '["CONTINUAMENTE", "MENSUALMENTE", "SEMESTRALMENTE", "ANUALMENTE"]', '["required"]', '2021-11-16 15:55:03', '2021-11-16 15:55:03'),
	(111, 1, 39, '¿Se ha realizado esta configuración?', 'radio', '["SI", "NO", "OTRO"]', '["required"]', '2021-11-16 15:55:03', '2021-11-16 15:55:03'),
	(112, 1, 39, '¿Existe un proceso escrito que detalle la configuracion?', 'radio', '["SI", "NO"]', '["required"]', '2021-11-16 15:55:03', '2021-11-16 15:55:03'),
	(113, 1, 39, '¿Cada cuanto se revisa el proceso?', 'radio', '["CONTINUAMENTE", "MENSUALMENTE", "SEMESTRALMENTE", "ANUALMENTE"]', '["required"]', '2021-11-16 15:55:03', '2021-11-16 15:55:03'),
	(114, 1, 40, '¿Cuentan con un proceso de recuperación ante desastres escrito?', 'radio', '["SI", "NO"]', '["required"]', '2021-11-16 15:55:03', '2021-11-16 15:55:03'),
	(115, 1, 40, '¿Los respaldos son automatizados?', 'radio', '["SI", "NO", "OTRO"]', '["required"]', '2021-11-16 15:55:03', '2021-11-16 15:55:03'),
	(116, 1, 40, '¿Cada cuanto se realizan respaldos?', 'radio', '["CONTINUAMENTE", "DIARIAMENTE", "SEMANALMENTE", "MENSUALMENTE", "OTRO"]', '["required"]', '2021-11-16 15:55:03', '2021-11-16 15:55:03'),
	(117, 1, 41, '¿Cuentan con respaldo en todas las maquinas?', 'radio', '["SI", "NO"]', '["required"]', '2021-11-16 15:55:03', '2021-11-16 15:55:03'),
	(118, 1, 41, '¿Que software ocupa la empresa?', 'text', NULL, '["required", "min:1", "max:255"]', '2021-11-16 15:55:03', '2021-11-16 15:55:03'),
	(119, 1, 41, '¿Los respaldos están protegidos en su proceso y en destino? ¿cómo?', 'text', NULL, '["required", "min:1", "max:255"]', '2021-11-16 15:55:03', '2021-11-16 15:55:03'),
	(120, 1, 42, '¿Los respaldos están protegidos en su proceso y en destino? ¿cómo?', 'text', NULL, '["required", "min:1", "max:255"]', '2021-11-16 15:55:03', '2021-11-16 15:55:03'),
	(121, 1, 43, '¿Existe una destinación del respaldo que no esté conectada a la red / esté en la nube / o se encuentre en una ubicación distinta a la de la empresa?', 'text', NULL, '["required", "min:1", "max:255"]', '2021-11-16 15:55:03', '2021-11-16 15:55:03'),
	(122, 1, 44, '¿Cuentan con este punto?', 'radio', '["SI", "NO", "OTRO"]', '["required"]', '2021-11-16 15:55:03', '2021-11-16 15:55:03'),
	(123, 1, 44, '¿Esta documentado?', 'radio', '["SI", "NO", "OTRO"]', '["required"]', '2021-11-16 15:55:03', '2021-11-16 15:55:03'),
	(124, 1, 45, '¿Se cuenta con un programa de concientización o capacitación en ciberseguridad?', 'radio', '["SI", "NO"]', '["required"]', '2021-11-16 15:55:03', '2021-11-16 15:55:03'),
	(125, 1, 45, '¿Está documentado?', 'radio', '["SI", "NO"]', '["required"]', '2021-11-16 15:55:03', '2021-11-16 15:55:03'),
	(126, 1, 45, '¿Se rigen por un programa/plan externo o es realizado internamente?', 'radio', '["Externo", "Interno"]', '["required"]', '2021-11-16 15:55:03', '2021-11-16 15:55:03'),
	(127, 1, 45, 'En caso de ser un programa o proveedor externo ¿Cuál?', 'text', NULL, '["required", "min:1", "max:255"]', '2021-11-16 15:55:03', '2021-11-16 15:55:03'),
	(128, 1, 46, '¿El programa incluye este punto?', 'radio', '["SI", "NO"]', '["required"]', '2021-11-16 15:55:03', '2021-11-16 15:55:03'),
	(129, 1, 47, '¿El programa incluye este punto?', 'radio', '["SI", "NO"]', '["required"]', '2021-11-16 15:55:03', '2021-11-16 15:55:03'),
	(130, 1, 48, '¿El programa incluye este punto?', 'radio', '["SI", "NO"]', '["required"]', '2021-11-16 15:55:03', '2021-11-16 15:55:03'),
	(131, 1, 49, '¿El programa incluye este punto?', 'radio', '["SI", "NO"]', '["required"]', '2021-11-16 15:55:03', '2021-11-16 15:55:03'),
	(132, 1, 50, '¿El programa incluye este punto?', 'radio', '["SI", "NO"]', '["required"]', '2021-11-16 15:55:03', '2021-11-16 15:55:03'),
	(133, 1, 51, '¿El programa incluye este punto?', 'radio', '["SI", "NO"]', '["required"]', '2021-11-16 15:55:03', '2021-11-16 15:55:03'),
	(134, 1, 52, '¿El programa incluye este punto?', 'radio', '["SI", "NO"]', '["required"]', '2021-11-16 15:55:03', '2021-11-16 15:55:03'),
	(135, 1, 53, '¿Cuentan con un inventario de proveedores de servicio?', 'radio', '["SI", "NO", "OTRO"]', '["required"]', '2021-11-16 15:55:03', '2021-11-16 15:55:03'),
	(136, 1, 53, '¿Está documentado?', 'radio', '["SI", "NO", "OTRO"]', '["required"]', '2021-11-16 15:55:03', '2021-11-16 15:55:03'),
	(137, 1, 54, '¿Cuentan con personal designado?', 'radio', '["SI", "NO", "OTRO"]', '["required"]', '2021-11-16 15:55:03', '2021-11-16 15:55:03'),
	(138, 1, 54, '¿Es conocido por toda la organización?', 'radio', '["SI", "NO", "OTRO"]', '["required"]', '2021-11-16 15:55:03', '2021-11-16 15:55:03'),
	(139, 1, 55, '¿Cuenta toda la organización con esta información?', 'radio', '["SI", "NO", "OTRO"]', '["required"]', '2021-11-16 15:55:03', '2021-11-16 15:55:03'),
	(140, 1, 56, '¿Se cuenta con un procedimiento escrito que relate este punto?', 'radio', '["SI", "NO", "OTRO"]', '["required"]', '2021-11-16 15:55:03', '2021-11-16 15:55:03');
/*!40000 ALTER TABLE `questions` ENABLE KEYS */;

-- Volcando estructura para tabla testkeplersi.scores
CREATE TABLE IF NOT EXISTS `scores` (
  `id` int(5) unsigned NOT NULL AUTO_INCREMENT,
  `question_id` int(11) NOT NULL,
  `question_content` varchar(255) COLLATE utf8mb4_unicode_ci NOT NULL,
  `options` varchar(50) COLLATE utf8mb4_unicode_ci DEFAULT NULL,
  `value` int(5) unsigned DEFAULT NULL,
  PRIMARY KEY (`id`)
) ENGINE=InnoDB AUTO_INCREMENT=353 DEFAULT CHARSET=utf8mb4 COLLATE=utf8mb4_unicode_ci;

-- Volcando datos para la tabla testkeplersi.scores: ~334 rows (aproximadamente)
/*!40000 ALTER TABLE `scores` DISABLE KEYS */;
INSERT INTO `scores` (`id`, `question_id`, `question_content`, `options`, `value`) VALUES
	(1, 1, '¿Que prioridad le da la empresa a este punto de un 1 a 10?', NULL, NULL),
	(2, 2, '¿Cuentan con un inventario de todo el HW?', 'SI', 2),
	(3, 2, '¿Cuentan con un inventario de todo el HW?', 'NO', 0),
	(4, 2, '¿Cuentan con un inventario de todo el HW?', 'EN PROCESO', 1),
	(5, 3, '¿Esta automatizado este inventario?', 'SI', 2),
	(6, 3, '¿Esta automatizado este inventario?', 'NO', 0),
	(7, 3, '¿Esta automatizado este inventario?', 'EN PARTE', 1),
	(8, 4, '¿Con que frecuencia se actualiza?', 'CONTINUAMENTE', 2),
	(9, 4, '¿Con que frecuencia se actualiza?', 'TRIMESTRAL/SEMESTRAL', 1),
	(10, 4, '¿Con que frecuencia se actualiza?', 'ANUALMENTE', 1),
	(11, 4, '¿Con que frecuencia se actualiza?', 'OTRO', 1),
	(12, 2, '¿Existe un procedimiento que establezca el responsable del inventario, a quien reporta, qué se regiStra y cada cuánto se revisa?', 'SI', 2),
	(13, 2, '¿Existe un procedimiento que establezca el responsable del inventario, a quien reporta, qué se regiStra y cada cuánto se revisa?', 'NO', 0),
	(14, 2, '¿Existe un procedimiento que establezca el responsable del inventario, a quien reporta, qué se regiStra y cada cuánto se revisa?', 'EN PROCESO', 1),
	(15, 6, '¿Existe un procedimiento qué indica qué hacer ante la conexión de un activo no autorizado?', 'SI', 2),
	(16, 6, '¿Existe un procedimiento qué indica qué hacer ante la conexión de un activo no autorizado?', 'NO', 0),
	(17, 6, '¿Existe un procedimiento qué indica qué hacer ante la conexión de un activo no autorizado?', 'EN PROCESO', 1),
	(18, 7, '¿Qué se realiza ante un activo no autorizado?', 'Deniega la conexion', 2),
	(19, 7, '¿Qué se realiza ante un activo no autorizado?', 'Se mantiene en cuarentena', 2),
	(20, 7, '¿Qué se realiza ante un activo no autorizado?', 'OTRO', 1),
	(21, 8, '¿El inventario de hardware ha sido aprobado por la direccion?', 'SI', 2),
	(22, 8, '¿El inventario de hardware ha sido aprobado por la direccion?', 'NO', 0),
	(23, 8, '¿El inventario de hardware ha sido aprobado por la direccion?', 'EN PROCESO', 1),
	(24, 9, '¿Cuéntan con un inventario del software instalado en las maquinas de su red?', 'SI', 2),
	(25, 9, '¿Cuéntan con un inventario del software instalado en las maquinas de su red?', 'NO', 0),
	(26, 9, '¿Cuéntan con un inventario del software instalado en las maquinas de su red?', 'EN PROCESO', 1),
	(27, 10, '¿Este inventario está automatizado?', 'SI', 2),
	(28, 10, '¿Este inventario está automatizado?', 'NO', 0),
	(29, 10, '¿Este inventario está automatizado?', 'EN PROCESO', 1),
	(30, 11, '¿Con qué frecuencia se actualiza?', 'CONTINUAMENTE', 2),
	(31, 11, '¿Con qué frecuencia se actualiza?', 'TRIMESTRAL/SEMESTRAL', 1),
	(32, 11, '¿Con qué frecuencia se actualiza?', 'ANUALMENTE', 1),
	(33, 11, '¿Con qué frecuencia se actualiza?', 'OTRO', 1),
	(34, 12, '¿Existe un procedimiento que establezca el responsable del inventario, a quien reporta, qué se registra y cada cuánto se revisa?', 'SI', 2),
	(35, 12, '¿Existe un procedimiento que establezca el responsable del inventario, a quien reporta, qué se registra y cada cuánto se revisa?', 'NO', 0),
	(36, 12, '¿Existe un procedimiento que establezca el responsable del inventario, a quien reporta, qué se registra y cada cuánto se revisa?', 'EN PROCESO', 1),
	(37, 13, '¿Tiene incluido en su inventario de software los firmware de routers, switch y firewall de su red?', 'SI', 2),
	(38, 13, '¿Tiene incluido en su inventario de software los firmware de routers, switch y firewall de su red?', 'NO', 0),
	(39, 14, '¿Todo el software tiene soporte?', 'SI', 2),
	(40, 14, '¿Todo el software tiene soporte?', 'NO', 0),
	(41, 14, '¿Todo el software tiene soporte?', 'PARCIALMENTE', 1),
	(42, 12, 'En caso de contar con software sin soporte ¿Se cuenta con un plan de mitigación de riesgos?', 'SI', 2),
	(43, 12, 'En caso de contar con software sin soporte ¿Se cuenta con un plan de mitigación de riesgos?', 'NO', 0),
	(44, 12, 'En caso de contar con software sin soporte ¿Se cuenta con un plan de mitigación de riesgos?', 'PARCIALMENTE', 1),
	(45, 16, '¿Estan actualizados los firmware de los routers, switchs y firewalls de su red?', 'SI', 2),
	(46, 16, '¿Estan actualizados los firmware de los routers, switchs y firewalls de su red?', 'NO', 0),
	(47, 17, '¿Existe un procedimiento qué indica qué hacer ante la presencia de un sofware no autorizado?', 'SI', 2),
	(48, 17, '¿Existe un procedimiento qué indica qué hacer ante la presencia de un sofware no autorizado?', 'NO', 0),
	(49, 17, '¿Existe un procedimiento qué indica qué hacer ante la presencia de un sofware no autorizado?', 'EN PROCESO', 1),
	(50, 18, '¿Qué se realiza ante un activo no autorizado?', 'DENIEGA INSTALACION', 2),
	(51, 18, '¿Qué se realiza ante un activo no autorizado?', 'SE MANTIENE EN CUARENTENA', 2),
	(52, 18, '¿Qué se realiza ante un activo no autorizado?', 'SE VALIDA EXCEPCIÓN', 2),
	(53, 19, '¿Cuéntan con un proceso de gestión de información sensible?', 'SI', 2),
	(54, 19, '¿Cuéntan con un proceso de gestión de información sensible?', 'NO', 0),
	(55, 20, '¿Este proceso esta escrito?', 'SI', 2),
	(56, 20, '¿Este proceso esta escrito?', 'NO', 0),
	(57, 21, '¿Con que frecuencia se actualiza?', 'CONTINUAMENTE', 2),
	(58, 21, '¿Con que frecuencia se actualiza?', 'TRIMESTRAL/SEMESTRAL', 1),
	(59, 21, '¿Con que frecuencia se actualiza?', 'ANUALMENTE', 1),
	(60, 21, '¿Con que frecuencia se actualiza?', 'OTRO', 0),
	(61, 22, '¿Cuentan con un inventario de información sensible?', 'SI', 2),
	(62, 22, '¿Cuentan con un inventario de información sensible?', 'NO', 0),
	(63, 22, '¿Cuentan con un inventario de información sensible?', 'OTRO', 1),
	(64, 23, '¿Con que frecuencia se actualiza?', 'CONTINUAMENTE', 2),
	(65, 23, '¿Con que frecuencia se actualiza?', 'TRIMESTRAL/SEMESTRAL', 1),
	(66, 23, '¿Con que frecuencia se actualiza?', 'ANUALMENTE', 1),
	(67, 23, '¿Con que frecuencia se actualiza?', 'OTRO', 1),
	(68, 24, '¿Este proceso esta escrito?', 'SI', 2),
	(69, 24, '¿Este proceso esta escrito?', 'NO', 0),
	(70, 22, '¿Cuentan con listas de control de acceso a la informacion?', 'SI', 2),
	(71, 22, '¿Cuentan con listas de control de acceso a la informacion?', 'NO', 0),
	(72, 22, '¿Cuentan con listas de control de acceso a la informacion?', 'OTRO', 1),
	(73, 26, '¿Los usuarios cuentan con cuentas de acceso personal para acceder al sistema?', 'SI', 2),
	(74, 26, '¿Los usuarios cuentan con cuentas de acceso personal para acceder al sistema?', 'NO', 0),
	(75, 26, '¿Los usuarios cuentan con cuentas de acceso personal para acceder al sistema?', 'PARCIALMENTE', 1),
	(76, 27, '¿Los administradores de la red cuentan con un perfil propio en todos los equipos?', 'SI', 2),
	(77, 27, '¿Los administradores de la red cuentan con un perfil propio en todos los equipos?', 'NO', 0),
	(78, 27, '¿Los administradores de la red cuentan con un perfil propio en todos los equipos?', 'PARCIALMENTE', 1),
	(79, 28, '¿Este proceso esta escrito?', 'SI', 2),
	(80, 28, '¿Este proceso esta escrito?', 'NO', 0),
	(81, 29, '¿Se incluye en el proceso de gestión de información sensible este punto,incluyendo retención minima y máxima?', 'SI', 2),
	(82, 29, '¿Se incluye en el proceso de gestión de información sensible este punto,incluyendo retención minima y máxima?', 'NO', 0),
	(83, 30, '¿Esta definido el tiempo de mantencion de los archivos corporativos?', 'SI', 2),
	(84, 30, '¿Esta definido el tiempo de mantencion de los archivos corporativos?', 'NO', 0),
	(85, 31, '¿Este proceso esta escrito?', 'SI', 2),
	(86, 31, '¿Este proceso esta escrito?', 'NO', 0),
	(87, 32, '¿Se incluye en el proceso de gestión de información sensible este punto sobre la eliminación de información sensible?', 'SI', 2),
	(88, 32, '¿Se incluye en el proceso de gestión de información sensible este punto sobre la eliminación de información sensible?', 'NO', 0),
	(89, 33, '¿Existe un procedimiento para manejar el equipo de un empleado que ha dejado la compañía?', 'SI', 2),
	(90, 33, '¿Existe un procedimiento para manejar el equipo de un empleado que ha dejado la compañía?', 'NO', 0),
	(91, 33, '¿Existe un procedimiento para manejar el equipo de un empleado que ha dejado la compañía?', 'NO ESCRITO', 1),
	(92, 34, '¿Este proceso esta escrito?', 'SI', 2),
	(93, 34, '¿Este proceso esta escrito?', 'NO', 0),
	(94, 32, '¿Cuentan con listas de control de acceso a la informacion?', 'SI', 2),
	(95, 32, '¿Cuentan con listas de control de acceso a la informacion?', 'NO', 0),
	(96, 32, '¿Cuentan con listas de control de acceso a la informacion?', 'OTRO', 1),
	(97, 36, '¿Cuentan los equipos con sistema de encriptacion activado?', 'SI', 2),
	(98, 36, '¿Cuentan los equipos con sistema de encriptacion activado?', 'NO', 0),
	(99, 36, '¿Cuentan los equipos con sistema de encriptacion activado?', 'ALGUNOS', 1),
	(100, 37, '¿Los equipos de la compañía cuenta con configuraciones seguras habilitadas?', 'SI', 2),
	(101, 37, '¿Los equipos de la compañía cuenta con configuraciones seguras habilitadas?', 'NO', 0),
	(102, 38, '¿Estas configuraciones están documentadas?', 'SI', 2),
	(103, 38, '¿Estas configuraciones están documentadas?', 'NO', 0),
	(104, 39, '¿Con qué frecuencia se actualiza?', 'CONTINUAMENTE', 2),
	(105, 39, '¿Con qué frecuencia se actualiza?', 'TRIMESTRAL/SEMESTRAL', 1),
	(106, 39, '¿Con qué frecuencia se actualiza?', 'ANUALMENTE', 1),
	(107, 39, '¿Con qué frecuencia se actualiza?', 'OTRO', 1),
	(108, 40, '¿Los equipos de la compañía cuenta con configuraciones seguras habilitadas?', 'SI', 2),
	(109, 40, '¿Los equipos de la compañía cuenta con configuraciones seguras habilitadas?', 'NO', 0),
	(110, 41, '¿Estas configuraciones están documentadas?', 'SI', 2),
	(111, 41, '¿Estas configuraciones están documentadas?', 'NO', 0),
	(112, 42, '¿Con qué frecuencia se actualiza?', 'CONTINUAMENTE', 2),
	(113, 42, '¿Con qué frecuencia se actualiza?', 'TRIMESTRAL/SEMESTRAL', 1),
	(114, 42, '¿Con qué frecuencia se actualiza?', 'ANUALMENTE', 1),
	(115, 42, '¿Con qué frecuencia se actualiza?', 'OTRO', 1),
	(116, 43, '¿Estas configuraciones están documentadas?', 'SI', 2),
	(117, 43, '¿Estas configuraciones están documentadas?', 'NO', 0),
	(118, 44, '¿Los equipos de la compañía cuenta con el bloqueo de sesión automático ante inactividad?', 'SI', 2),
	(119, 44, '¿Los equipos de la compañía cuenta con el bloqueo de sesión automático ante inactividad?', 'NO', 0),
	(120, 42, '¿Después de qué periodo de inactividad se bloquea? (Minutos)', '1', 2),
	(121, 42, '¿Después de qué periodo de inactividad se bloquea? (Minutos)', '2', 2),
	(122, 42, '¿Después de qué periodo de inactividad se bloquea? (Minutos)', '10', 2),
	(123, 42, '¿Después de qué periodo de inactividad se bloquea? (Minutos)', '12', 2),
	(124, 42, '¿Después de qué periodo de inactividad se bloquea? (Minutos)', 'OTRO', 1),
	(125, 46, '¿Estas configuraciones están documentadas?', 'SI', 2),
	(126, 46, '¿Estas configuraciones están documentadas?', 'NO', 0),
	(127, 47, '¿Cuéntan con firewall configurado?', 'SI', 2),
	(128, 47, '¿Cuéntan con firewall configurado?', 'NO', 0),
	(129, 46, '¿Estas configuraciones están documentadas?', 'SI', 2),
	(130, 46, '¿Estas configuraciones están documentadas?', 'NO', 0),
	(131, 48, '¿De que tipo?', NULL, NULL),
	(132, 49, '¿Existe una regla dfault dny que impide el tráfico excepto el de los servicios o puertos permitidos?', 'SI', 2),
	(133, 49, '¿Existe una regla dfault dny que impide el tráfico excepto el de los servicios o puertos permitidos?', 'NO', 0),
	(134, 20, '¿Estas configuraciones están documentadas?', 'SI', 2),
	(135, 20, '¿Estas configuraciones están documentadas?', 'NO', 0),
	(136, 21, '¿Utiliza la empresa configuraciones seguras como protocolos SSH y VPN para las conecciones?', 'SI', 2),
	(137, 21, '¿Utiliza la empresa configuraciones seguras como protocolos SSH y VPN para las conecciones?', 'NO', 0),
	(138, 22, '¿Estas configuraciones están documentadas?', 'SI', 2),
	(139, 22, '¿Estas configuraciones están documentadas?', 'NO', 0),
	(140, 23, '¿Su pagina institucional utiliza certificado?', 'SI', 2),
	(141, 23, '¿Su pagina institucional utiliza certificado?', 'NO', 0),
	(142, 24, '¿Estas configuraciones están documentadas?', 'SI', 2),
	(143, 24, '¿Estas configuraciones están documentadas?', 'NO', 0),
	(144, 22, '¿Utiliza la empresa configuraciones seguras como protocolos SSH y VPN para las conecciones?', 'SI', 2),
	(145, 22, '¿Utiliza la empresa configuraciones seguras como protocolos SSH y VPN para las conecciones?', 'NO', 0),
	(146, 26, '¿Se cuenta con un inventario de cuentas?', 'SI', 2),
	(147, 26, '¿Se cuenta con un inventario de cuentas?', 'NO', 0),
	(148, 27, '¿Estas configuraciones están documentadas?', 'SI', 2),
	(149, 27, '¿Estas configuraciones están documentadas?', 'NO', 0),
	(150, 28, '¿Con qué frecuencia se actualiza?', 'CONTINUAMENTE', 2),
	(151, 28, '¿Con qué frecuencia se actualiza?', 'TRIMESTRAL/SEMESTRAL', 1),
	(152, 28, '¿Con qué frecuencia se actualiza?', 'ANUALMENTE', 1),
	(153, 28, '¿Con qué frecuencia se actualiza?', 'OTRO', 1),
	(154, 29, '¿Estas configuraciones están documentadas?', 'SI', 2),
	(155, 29, '¿Estas configuraciones están documentadas?', 'NO', 0),
	(156, 60, '¿Cuentan con segundo factor de autentificacion en las cuentas?', 'SI', 2),
	(157, 60, '¿Cuentan con segundo factor de autentificacion en las cuentas?', 'NO', 0),
	(158, 61, '¿Las contraseñas utilizadas en la compañía tienen un minimo de 8 caracteres con+L39 2FA o 14 sin 2FA?', 'SI', 2),
	(159, 61, '¿Las contraseñas utilizadas en la compañía tienen un minimo de 8 caracteres con+L39 2FA o 14 sin 2FA?', 'NO', 0),
	(160, 62, '¿Estas configuraciones están documentadas?', 'SI', 2),
	(161, 62, '¿Estas configuraciones están documentadas?', 'NO', 0),
	(162, 63, '¿Las cuentas sin uso o "durmientes" son desacticvadas despues de 42 días sin actividad?', 'SI', 2),
	(163, 63, '¿Las cuentas sin uso o "durmientes" son desacticvadas despues de 42 días sin actividad?', 'NO', 0),
	(164, 63, '¿Las cuentas sin uso o "durmientes" son desacticvadas despues de 42 días sin actividad?', 'OTRO', 1),
	(165, 64, '¿Estas configuraciones están documentadas?', 'SI', 2),
	(166, 64, '¿Estas configuraciones están documentadas?', 'NO', 0),
	(167, 62, '¿Tienen todos los dispositivos de usuario configurada la cuenta administrador?', 'SI', 2),
	(168, 62, '¿Tienen todos los dispositivos de usuario configurada la cuenta administrador?', 'NO', 0),
	(169, 66, 'El uso diario de los equipos ¿es realizado desde la cuenta de usuario solamente?', 'SI', 2),
	(170, 66, 'El uso diario de los equipos ¿es realizado desde la cuenta de usuario solamente?', 'NO', 0),
	(171, 67, '¿Tienen los administradores de red una cuenta en todos los equipos?', 'SI', 2),
	(172, 67, '¿Tienen los administradores de red una cuenta en todos los equipos?', 'NO', 0),
	(173, 68, '¿Existe un proceso escrito de generación de cuenta ante una nueva contratación?', 'SI', 2),
	(174, 68, '¿Existe un proceso escrito de generación de cuenta ante una nueva contratación?', 'NO', 0),
	(175, 68, '¿Existe un proceso escrito de generación de cuenta ante una nueva contratación?', 'OTRO', 1),
	(176, 69, '¿Este proceso es automatizado?', 'SI', 2),
	(177, 69, '¿Este proceso es automatizado?', 'NO', 0),
	(178, 70, '¿Se sigue este proceso también para cambios de rol de un usuario?', 'SI', 2),
	(179, 70, '¿Se sigue este proceso también para cambios de rol de un usuario?', 'NO', 0),
	(180, 71, '¿Existe un proceso escrito de generación de cuenta ante una nueva contratación?', 'SI', 2),
	(181, 71, '¿Existe un proceso escrito de generación de cuenta ante una nueva contratación?', 'NO', 0),
	(182, 71, '¿Existe un proceso escrito de generación de cuenta ante una nueva contratación?', 'OTRO', 1),
	(183, 72, '¿Este proceso es automatizado?', 'SI', 2),
	(184, 72, '¿Este proceso es automatizado?', 'NO', 0),
	(185, 73, '¿Se sigue este proceso también para cambios de rol de un usuario?', 'SI', 2),
	(186, 73, '¿Se sigue este proceso también para cambios de rol de un usuario?', 'NO', 0),
	(187, 74, '¿Existe esta configuración?', 'SI', 2),
	(188, 74, '¿Existe esta configuración?', 'NO', 0),
	(189, 72, '¿Está documentada?', 'SI', 2),
	(190, 72, '¿Está documentada?', 'NO', 0),
	(191, 76, '¿Existe esta configuración?', 'SI', 2),
	(192, 76, '¿Existe esta configuración?', 'NO', 0),
	(193, 77, '¿Está documentada?', 'SI', 2),
	(194, 77, '¿Está documentada?', 'NO', 0),
	(195, 78, '¿Existe esta configuración?', 'SI', 2),
	(196, 78, '¿Existe esta configuración?', 'NO', 0),
	(197, 79, '¿Está documentada?', 'SI', 2),
	(198, 79, '¿Está documentada?', 'NO', 0),
	(199, 80, '¿Existe un proceso escrito de gestión de vulnerabilidades de los dispositivos de la empresa?', 'SI', 2),
	(200, 80, '¿Existe un proceso escrito de gestión de vulnerabilidades de los dispositivos de la empresa?', 'NO', 0),
	(201, 80, '¿Existe un proceso escrito de gestión de vulnerabilidades de los dispositivos de la empresa?', 'OTRO', 1),
	(202, 81, '¿Este proceso es automatizado?', 'SI', 2),
	(203, 81, '¿Este proceso es automatizado?', 'NO', 0),
	(204, 82, '¿Cada cuanto se revisa el proceso?', 'CONTINUAMENTE', 2),
	(205, 82, '¿Cada cuanto se revisa el proceso?', 'MENSUALMENTE', 2),
	(206, 82, '¿Cada cuanto se revisa el proceso?', 'SEMESTRALMENTE', 2),
	(207, 82, '¿Cada cuanto se revisa el proceso?', 'ANUALMENTE', 1),
	(208, 83, '¿Existe un proceso escrito de gestión de vulnerabilidades de los dispositivos de la empresa?', 'SI', 2),
	(209, 83, '¿Existe un proceso escrito de gestión de vulnerabilidades de los dispositivos de la empresa?', 'NO', 0),
	(210, 83, '¿Existe un proceso escrito de gestión de vulnerabilidades de los dispositivos de la empresa?', 'OTRO', 1),
	(211, 84, '¿Este proceso es automatizado?', 'SI', 2),
	(212, 84, '¿Este proceso es automatizado?', 'NO', 0),
	(213, 82, '¿Cada cuanto se revisa el proceso?', 'CONTINUAMENTE', 2),
	(214, 82, '¿Cada cuanto se revisa el proceso?', 'MENSUALMENTE', 2),
	(215, 82, '¿Cada cuanto se revisa el proceso?', 'SEMESTRALMENTE', 2),
	(216, 82, '¿Cada cuanto se revisa el proceso?', 'ANUALMENTE', 1),
	(217, 86, '¿Este proceso es automatizado?', 'SI', 2),
	(218, 86, '¿Este proceso es automatizado?', 'NO', 0),
	(219, 87, '¿Se ha realizado esta implementacion?', 'SI', 2),
	(220, 87, '¿Se ha realizado esta implementacion?', 'NO', 0),
	(221, 88, '¿Este proceso es automatizado?', 'SI', 2),
	(222, 88, '¿Este proceso es automatizado?', 'NO', 0),
	(223, 89, '¿Se ha realizado esta implementacion?', 'SI', 2),
	(224, 89, '¿Se ha realizado esta implementacion?', 'NO', 0),
	(225, 90, '¿Se ha realizado esta configuración?', 'SI', 2),
	(226, 90, '¿Se ha realizado esta configuración?', 'NO', 0),
	(227, 90, '¿Se ha realizado esta configuración?', 'OTRO', 1),
	(228, 91, '¿Existe un proceso escrito de gestión de logs de auditoria?', 'SI', 2),
	(229, 91, '¿Existe un proceso escrito de gestión de logs de auditoria?', 'NO', 0),
	(230, 91, '¿Existe un proceso escrito de gestión de logs de auditoria?', 'OTRO', 1),
	(231, 92, '¿Cada cuanto se revisa el proceso?', 'CONTINUAMENTE', 2),
	(232, 92, '¿Cada cuanto se revisa el proceso?', 'MENSUALMENTE', 2),
	(233, 92, '¿Cada cuanto se revisa el proceso?', 'SEMESTRALMENTE', 2),
	(234, 92, '¿Cada cuanto se revisa el proceso?', 'ANUALMENTE', 1),
	(235, 93, '¿Se ha realizado esta configuración?', 'SI', 2),
	(236, 93, '¿Se ha realizado esta configuración?', 'NO', 0),
	(237, 93, '¿Se ha realizado esta configuración?', 'OTRO', 1),
	(238, 94, '¿Se cumple este punto?, ¿Cómo?', NULL, NULL),
	(239, 95, '¿Se hacen backups de los logs?', 'SI', 2),
	(240, 95, '¿Se hacen backups de los logs?', 'NO', 0),
	(241, 96, '¿Se ha realizado esta configuración?', 'SI', 2),
	(242, 96, '¿Se ha realizado esta configuración?', 'NO', 0),
	(243, 96, '¿Se ha realizado esta configuración?', 'OTRO', 1),
	(244, 97, '¿Existe un proceso escrito?', 'SI', 2),
	(245, 97, '¿Existe un proceso escrito?', 'NO', 0),
	(246, 98, '¿Cada cuanto se revisa el proceso?', 'CONTINUAMENTE', 2),
	(247, 98, '¿Cada cuanto se revisa el proceso?', 'MENSUALMENTE', 2),
	(248, 98, '¿Cada cuanto se revisa el proceso?', 'SEMESTRALMENTE', 2),
	(249, 98, '¿Cada cuanto se revisa el proceso?', 'ANUALMENTE', 1),
	(250, 99, '¿Se ha realizado esta configuración?', 'SI', 2),
	(251, 99, '¿Se ha realizado esta configuración?', 'NO', 0),
	(252, 99, '¿Se ha realizado esta configuración?', 'OTRO', 1),
	(253, 100, '¿Existe un proceso escrito?', 'SI', 2),
	(254, 100, '¿Existe un proceso escrito?', 'NO', 0),
	(255, 101, '¿Cada cuanto se revisa el proceso?', 'CONTINUAMENTE', 2),
	(256, 101, '¿Cada cuanto se revisa el proceso?', 'MENSUALMENTE', 2),
	(257, 101, '¿Cada cuanto se revisa el proceso?', 'SEMESTRALMENTE', 2),
	(258, 101, '¿Cada cuanto se revisa el proceso?', 'ANUALMENTE', 1),
	(259, 102, '¿Usa algun servicio de filtrado de DNS?', 'SI', 2),
	(260, 102, '¿Usa algun servicio de filtrado de DNS?', 'NO', 0),
	(261, 102, '¿Usa algun servicio de filtrado de DNS?', 'OTRO', 1),
	(262, 103, '¿Se ha realizado esta configuración?', 'SI', 2),
	(263, 103, '¿Se ha realizado esta configuración?', 'NO', 0),
	(264, 103, '¿Se ha realizado esta configuración?', 'OTRO', 1),
	(265, 104, '¿Que Software ocupa la empresa?', NULL, NULL),
	(266, 102, '¿Existe un proceso escrito que detalle la configuracion?', 'SI', 2),
	(267, 102, '¿Existe un proceso escrito que detalle la configuracion?', 'NO', 0),
	(268, 106, '¿Cada cuanto se revisa el proceso?', 'CONTINUAMENTE', 2),
	(269, 106, '¿Cada cuanto se revisa el proceso?', 'MENSUALMENTE', 2),
	(270, 106, '¿Cada cuanto se revisa el proceso?', 'SEMESTRALMENTE', 2),
	(271, 106, '¿Cada cuanto se revisa el proceso?', 'ANUALMENTE', 1),
	(272, 107, '¿Tiene su software anti-malware un sistema centralizado de administracion?', 'SI', 2),
	(273, 107, '¿Tiene su software anti-malware un sistema centralizado de administracion?', 'NO', 0),
	(274, 108, '¿Se ha realizado esta configuración?', 'SI', 2),
	(275, 108, '¿Se ha realizado esta configuración?', 'NO', 0),
	(276, 108, '¿Se ha realizado esta configuración?', 'OTRO', 1),
	(277, 109, '¿Existe un proceso escrito que detalle la configuracion?', 'SI', 2),
	(278, 109, '¿Existe un proceso escrito que detalle la configuracion?', 'NO', 0),
	(279, 110, '¿Cada cuanto se revisa el proceso?', 'CONTINUAMENTE', 2),
	(280, 110, '¿Cada cuanto se revisa el proceso?', 'MENSUALMENTE', 2),
	(281, 110, '¿Cada cuanto se revisa el proceso?', 'SEMESTRALMENTE', 2),
	(282, 110, '¿Cada cuanto se revisa el proceso?', 'ANUALMENTE', 1),
	(283, 111, '¿Se ha realizado esta configuración?', 'SI', 2),
	(284, 111, '¿Se ha realizado esta configuración?', 'NO', 0),
	(285, 111, '¿Se ha realizado esta configuración?', 'OTRO', 1),
	(286, 112, '¿Existe un proceso escrito que detalle la configuracion?', 'SI', 2),
	(287, 112, '¿Existe un proceso escrito que detalle la configuracion?', 'NO', 0),
	(288, 113, '¿Cada cuanto se revisa el proceso?', 'CONTINUAMENTE', 2),
	(289, 113, '¿Cada cuanto se revisa el proceso?', 'MENSUALMENTE', 1),
	(290, 113, '¿Cada cuanto se revisa el proceso?', 'SEMESTRALMENTE', 1),
	(291, 113, '¿Cada cuanto se revisa el proceso?', 'ANUALMENTE', 1),
	(292, 114, '¿Cuentan con un proceso de recuperación ante desastres escrito?', 'SI', 2),
	(293, 114, '¿Cuentan con un proceso de recuperación ante desastres escrito?', 'NO', 0),
	(294, 112, '¿Los respaldos son automatizados?', 'SI', 2),
	(295, 112, '¿Los respaldos son automatizados?', 'NO', 0),
	(296, 112, '¿Los respaldos son automatizados?', 'OTRO', 1),
	(297, 116, '¿Cada cuanto se realizan respaldos?', 'CONTINUAMENTE', 2),
	(298, 116, '¿Cada cuanto se realizan respaldos?', 'DIARIAMENTE', 1),
	(299, 116, '¿Cada cuanto se realizan respaldos?', 'SEMANALMENTE', 1),
	(300, 116, '¿Cada cuanto se realizan respaldos?', 'MENSUALMENTE', 1),
	(301, 116, '¿Cada cuanto se realizan respaldos?', 'OTRO', 0),
	(302, 117, '¿Cuentan con respaldo en todas las maquinas?', 'SI', 2),
	(303, 117, '¿Cuentan con respaldo en todas las maquinas?', 'NO', 0),
	(304, 118, '¿Que software ocupa la empresa?', NULL, NULL),
	(305, 119, '¿Los respaldos están protegidos en su proceso y en destino? ¿cómo?', NULL, NULL),
	(306, 119, '¿Los respaldos están protegidos en su proceso y en destino? ¿cómo?', NULL, NULL),
	(307, 121, '¿Existe una destinación del respaldo que no esté conectada a la red / esté en la nube / o se encuentre en una ubicación distinta a la de la empresa?', NULL, NULL),
	(308, 122, '¿Cuentan con este punto?', 'SI', 2),
	(309, 122, '¿Cuentan con este punto?', 'NO', 0),
	(310, 122, '¿Cuentan con este punto?', 'OTRO', 1),
	(311, 123, '¿Esta documentado?', 'SI', 2),
	(312, 123, '¿Esta documentado?', 'NO', 0),
	(313, 123, '¿Esta documentado?', 'OTRO', 1),
	(314, 124, '¿Se cuenta con un programa de concientización o capacitación en ciberseguridad?', 'SI', 2),
	(315, 124, '¿Se cuenta con un programa de concientización o capacitación en ciberseguridad?', 'NO', 0),
	(316, 122, '¿Está documentado?', 'SI', 2),
	(317, 122, '¿Está documentado?', 'NO', 0),
	(318, 126, '¿Se rigen por un programa/plan externo o es realizado internamente?', 'Externo', 2),
	(319, 126, '¿Se rigen por un programa/plan externo o es realizado internamente?', 'Interno', 1),
	(320, 127, 'En caso de ser un programa o proveedor externo ¿Cuál?', NULL, NULL),
	(321, 128, '¿El programa incluye este punto?', 'SI', 2),
	(322, 128, '¿El programa incluye este punto?', 'NO', 0),
	(323, 129, '¿El programa incluye este punto?', 'SI', 2),
	(324, 129, '¿El programa incluye este punto?', 'NO', 0),
	(325, 130, '¿El programa incluye este punto?', 'SI', 2),
	(326, 130, '¿El programa incluye este punto?', 'NO', 0),
	(327, 131, '¿El programa incluye este punto?', 'SI', 2),
	(328, 131, '¿El programa incluye este punto?', 'NO', 0),
	(329, 132, '¿El programa incluye este punto?', 'SI', 2),
	(330, 132, '¿El programa incluye este punto?', 'NO', 0),
	(331, 133, '¿El programa incluye este punto?', 'SI', 2),
	(332, 133, '¿El programa incluye este punto?', 'NO', 0),
	(333, 134, '¿El programa incluye este punto?', 'SI', 2),
	(334, 134, '¿El programa incluye este punto?', 'NO', 0),
	(335, 132, '¿Cuentan con un inventario de proveedores de servicio?', 'SI', 2),
	(336, 132, '¿Cuentan con un inventario de proveedores de servicio?', 'NO', 0),
	(337, 132, '¿Cuentan con un inventario de proveedores de servicio?', 'OTRO', 1),
	(338, 136, '¿Está documentado?', 'SI', 2),
	(339, 136, '¿Está documentado?', 'NO', 0),
	(340, 136, '¿Está documentado?', 'OTRO', 1),
	(341, 137, '¿Cuentan con personal designado?', 'SI', 2),
	(342, 137, '¿Cuentan con personal designado?', 'NO', 0),
	(343, 137, '¿Cuentan con personal designado?', 'OTRO', 1),
	(344, 138, '¿Es conocido por toda la organización?', 'SI', 2),
	(345, 138, '¿Es conocido por toda la organización?', 'NO', 0),
	(346, 138, '¿Es conocido por toda la organización?', 'OTRO', 1),
	(347, 139, '¿Cuenta toda la organización con esta información?', 'SI', 2),
	(348, 139, '¿Cuenta toda la organización con esta información?', 'NO', 0),
	(349, 139, '¿Cuenta toda la organización con esta información?', 'OTRO', 1),
	(350, 140, '¿Se cuenta con un procedimiento escrito que relate este punto?', 'SI', 2),
	(351, 140, '¿Se cuenta con un procedimiento escrito que relate este punto?', 'NO', 0),
	(352, 140, '¿Se cuenta con un procedimiento escrito que relate este punto?', 'OTRO', 1);
/*!40000 ALTER TABLE `scores` ENABLE KEYS */;

-- Volcando estructura para tabla testkeplersi.sections
CREATE TABLE IF NOT EXISTS `sections` (
  `id` int(10) unsigned NOT NULL AUTO_INCREMENT,
  `survey_id` int(10) unsigned DEFAULT NULL,
  `name` varchar(255) COLLATE utf8mb4_unicode_ci NOT NULL,
  `created_at` timestamp NULL DEFAULT NULL,
  `updated_at` timestamp NULL DEFAULT NULL,
  PRIMARY KEY (`id`)
) ENGINE=InnoDB AUTO_INCREMENT=57 DEFAULT CHARSET=utf8mb4 COLLATE=utf8mb4_unicode_ci;

-- Volcando datos para la tabla testkeplersi.sections: ~56 rows (aproximadamente)
/*!40000 ALTER TABLE `sections` DISABLE KEYS */;
INSERT INTO `sections` (`id`, `survey_id`, `name`, `created_at`, `updated_at`) VALUES
	(1, 1, '1.1 - Establecer y mantener inventario detallado de HW', '2021-11-16 15:55:03', '2021-11-16 15:55:03'),
	(2, 1, '1.2 .- Actuar frente activos no autorizados', '2021-11-16 15:55:03', '2021-11-16 15:55:03'),
	(3, 1, '2.1 .- Establecer y mantener inventario de software', '2021-11-16 15:55:03', '2021-11-16 15:55:03'),
	(4, 1, '2.2 .- Asegurar que el software autorizado cuenta con soporte', '2021-11-16 15:55:03', '2021-11-16 15:55:03'),
	(5, 1, '2.3 .- Actuar frente al software no autorizado', '2021-11-16 15:55:03', '2021-11-16 15:55:03'),
	(6, 1, '3.1 - Establecer y mantener un proceso de gestión de información', '2021-11-16 15:55:03', '2021-11-16 15:55:03'),
	(7, 1, '3.2 - Establecer y mantener un inventario de información sensible', '2021-11-16 15:55:03', '2021-11-16 15:55:03'),
	(8, 1, '3.3 - Configurar listas de control de acceso a la información = control de acceso a los sistemas, documentos, bases de datos y aplicaciones', '2021-11-16 15:55:03', '2021-11-16 15:55:03'),
	(9, 1, '3.4 - Reforzar la mantención de la información corporativa', '2021-11-16 15:55:03', '2021-11-16 15:55:03'),
	(10, 1, '3.5 - Asegurar la correcta eliminación de la información', '2021-11-16 15:55:03', '2021-11-16 15:55:03'),
	(11, 1, '3.6 - Encriptar información en los dispositivos de los usuarios', '2021-11-16 15:55:03', '2021-11-16 15:55:03'),
	(12, 1, '4.1 - Establecer y mantener una configuración segura de los dispositivos', '2021-11-16 15:55:03', '2021-11-16 15:55:03'),
	(13, 1, '4.2 - Establecer y mantener una configuración segura para los disposiitivos de red', '2021-11-16 15:55:03', '2021-11-16 15:55:03'),
	(14, 1, '4.3 - Configurar el bloqueo automático de sesión ante inactividad', '2021-11-16 15:55:03', '2021-11-16 15:55:03'),
	(15, 1, '4.4 - Implementar y gestionar firewalls en los servidores, cuando sea posible', '2021-11-16 15:55:03', '2021-11-16 15:55:03'),
	(16, 1, '4.5 - Implementar y gestionar firewalls en los equipos de usuario', '2021-11-16 15:55:03', '2021-11-16 15:55:03'),
	(17, 1, '4.6 - Gestionar de manera segura los activos y el software de la compañía', '2021-11-16 15:55:03', '2021-11-16 15:55:03'),
	(18, 1, '4.7 - Gestionar las cuentas por defecto, dejandolas inhabilitadas', '2021-11-16 15:55:03', '2021-11-16 15:55:03'),
	(19, 1, '5.1 - Establecer y mantener un inventario de cuentas, tanto de usuario como de administrador', '2021-11-16 15:55:03', '2021-11-16 15:55:03'),
	(20, 1, '5.2 - Utilización de contraseñas unicas', '2021-11-16 15:55:03', '2021-11-16 15:55:03'),
	(21, 1, '5.3 - Deshabilitar cuentas "durmientes"', '2021-11-16 15:55:03', '2021-11-16 15:55:03'),
	(22, 1, '5.4 - Restringir los accesos de administrador a las cuentas de administrador', '2021-11-16 15:55:03', '2021-11-16 15:55:03'),
	(23, 1, '6.1 - Establecer proceso de generación de usuario', '2021-11-16 15:55:03', '2021-11-16 15:55:03'),
	(24, 1, '6.2 - Establecer proceso de revocación de acceso', '2021-11-16 15:55:03', '2021-11-16 15:55:03'),
	(25, 1, '6.3 - Requerir MFA para las aplicaciones externas o expuestas', '2021-11-16 15:55:03', '2021-11-16 15:55:03'),
	(26, 1, '6.4 - Requerir MFA para el acceso remoto a la red', '2021-11-16 15:55:03', '2021-11-16 15:55:03'),
	(27, 1, '6.5 - Requerir MFA para cuentas de administración', '2021-11-16 15:55:03', '2021-11-16 15:55:03'),
	(28, 1, '7.1 - Establecer y mantener proceso de gestión de vulnerabilidades', '2021-11-16 15:55:03', '2021-11-16 15:55:03'),
	(29, 1, '7.2 - Establecer y mantener un proceso que incluya la estrategia de remediación de riesgos', '2021-11-16 15:55:03', '2021-11-16 15:55:03'),
	(30, 1, '7.3 - Implemementar la gestión de parches del sistema operativo', '2021-11-16 15:55:03', '2021-11-16 15:55:03'),
	(31, 1, '7.4 - Implemementar la gestión de parches de la aplicaciones', '2021-11-16 15:55:03', '2021-11-16 15:55:03'),
	(32, 1, '8.1 - Establecer y mantener un proceso de gestión de logs de auditoria', '2021-11-16 15:55:03', '2021-11-16 15:55:03'),
	(33, 1, '8.2 - Recopilar logs de auditoria', '2021-11-16 15:55:03', '2021-11-16 15:55:03'),
	(34, 1, '8.3 - Asegurar un alojamiento adecuado para los logs', '2021-11-16 15:55:03', '2021-11-16 15:55:03'),
	(35, 1, '9.1 - Asegurar el uso de navegadores y correos con soporte', '2021-11-16 15:55:03', '2021-11-16 15:55:03'),
	(36, 1, '9.2 - Uso de servicios de filtro DNS', '2021-11-16 15:55:03', '2021-11-16 15:55:03'),
	(37, 1, '10.1 - Implementar y mantener un software Anti-Malware', '2021-11-16 15:55:03', '2021-11-16 15:55:03'),
	(38, 1, '10.2 - Configurar las actualizaciones automáticas del software Anti-Malware', '2021-11-16 15:55:03', '2021-11-16 15:55:03'),
	(39, 1, '10.3 - Deshabilitar el auto-run o auto play para dispositivos usb ', '2021-11-16 15:55:03', '2021-11-16 15:55:03'),
	(40, 1, '11.1 - Establecer y mantener un proceso de recuperación de información ante desastres', '2021-11-16 15:55:03', '2021-11-16 15:55:03'),
	(41, 1, '11.2 - Realizar Backups automatizados', '2021-11-16 15:55:03', '2021-11-16 15:55:03'),
	(42, 1, '11.3 - Proteger los backups', '2021-11-16 15:55:03', '2021-11-16 15:55:03'),
	(43, 1, '11.4 - Establecer y mantener una instancia "aislada" donde depositar el respaldo', '2021-11-16 15:55:03', '2021-11-16 15:55:03'),
	(44, 1, '12.1 - Asegurar que la insfraestrucutura de red está actualizada', '2021-11-16 15:55:03', '2021-11-16 15:55:03'),
	(45, 1, '14.1 - Establecer y mantener un programa de concientización', '2021-11-16 15:55:03', '2021-11-16 15:55:03'),
	(46, 1, '14.2 - Entrenar a los empleados para reconocer los ataques de ingenieria social ', '2021-11-16 15:55:03', '2021-11-16 15:55:03'),
	(47, 1, '14.3 - Entrenar a los empleados en las mejores prácticas en autenticación', '2021-11-16 15:55:03', '2021-11-16 15:55:03'),
	(48, 1, '14.4 - Entrenar a los empleados en mejores prácticas en manejo de información sensible', '2021-11-16 15:55:03', '2021-11-16 15:55:03'),
	(49, 1, '14.5 - Entrenar a los empleados en causas de exposición involuntaria de información', '2021-11-16 15:55:03', '2021-11-16 15:55:03'),
	(50, 1, '14.6 - Entrenar a los empleados para reconocer y reportar los incidentes que afectan a la seguridad', '2021-11-16 15:55:03', '2021-11-16 15:55:03'),
	(51, 1, '14.7 - Entrenar a los empleados para identificar si sus activos requieren actualizaciones de seguridad, y cómo reportarlo', '2021-11-16 15:55:03', '2021-11-16 15:55:03'),
	(52, 1, '14.8 - Entrenar a los empleados en los riesgos de conectarse o transmitir información en redes no seguras', '2021-11-16 15:55:03', '2021-11-16 15:55:03'),
	(53, 1, '15.1 - Establecer y mantener un inventario de los proveedores de servicio', '2021-11-16 15:55:03', '2021-11-16 15:55:03'),
	(54, 1, '17.1 - Designar personal para gestionar los incidentes de seguridad', '2021-11-16 15:55:03', '2021-11-16 15:55:03'),
	(55, 1, '17.2 - Establecer y mantener la información de contacto para poder reportar incidentes de seguridad', '2021-11-16 15:55:03', '2021-11-16 15:55:03'),
	(56, 1, '17.3 - Establecer y mantener el proceso para el reporte de incidentes', '2021-11-16 15:55:03', '2021-11-16 15:55:03');
/*!40000 ALTER TABLE `sections` ENABLE KEYS */;

-- Volcando estructura para vista testkeplersi.selectanswersbyuser
-- Creando tabla temporal para superar errores de dependencia de VIEW
CREATE TABLE `selectanswersbyuser` (
	`Nro_Pregunta` INT(10) UNSIGNED NOT NULL,
	`Pregunta` VARCHAR(255) NOT NULL COLLATE 'utf8mb4_unicode_ci',
	`Respuesta` VARCHAR(255) NOT NULL COLLATE 'utf8mb4_unicode_ci',
	`Encuestado` VARCHAR(255) NOT NULL COLLATE 'utf8mb4_unicode_ci',
	`Puntaje` INT(5) UNSIGNED NULL,
	`SumaScores` DECIMAL(32,0) NULL
) ENGINE=MyISAM;

-- Volcando estructura para tabla testkeplersi.surveys
CREATE TABLE IF NOT EXISTS `surveys` (
  `id` int(10) unsigned NOT NULL AUTO_INCREMENT,
  `name` varchar(255) COLLATE utf8mb4_unicode_ci NOT NULL,
  `settings` json DEFAULT NULL,
  `created_at` timestamp NULL DEFAULT NULL,
  `updated_at` timestamp NULL DEFAULT NULL,
  PRIMARY KEY (`id`)
) ENGINE=InnoDB AUTO_INCREMENT=2 DEFAULT CHARSET=utf8mb4 COLLATE=utf8mb4_unicode_ci;

-- Volcando datos para la tabla testkeplersi.surveys: ~0 rows (aproximadamente)
/*!40000 ALTER TABLE `surveys` DISABLE KEYS */;
INSERT INTO `surveys` (`id`, `name`, `settings`, `created_at`, `updated_at`) VALUES
	(1, 'Auto Evaluación de Seguridad', NULL, '2021-11-16 15:55:03', '2021-11-16 15:55:03');
/*!40000 ALTER TABLE `surveys` ENABLE KEYS */;

-- Volcando estructura para tabla testkeplersi.users
CREATE TABLE IF NOT EXISTS `users` (
  `id` bigint(20) unsigned NOT NULL AUTO_INCREMENT,
  `name` varchar(255) COLLATE utf8mb4_unicode_ci NOT NULL,
  `email` varchar(255) COLLATE utf8mb4_unicode_ci NOT NULL,
  `email_verified_at` timestamp NULL DEFAULT NULL,
  `password` varchar(255) COLLATE utf8mb4_unicode_ci NOT NULL,
  `remember_token` varchar(100) COLLATE utf8mb4_unicode_ci DEFAULT NULL,
  `created_at` timestamp NULL DEFAULT NULL,
  `updated_at` timestamp NULL DEFAULT NULL,
  PRIMARY KEY (`id`),
  UNIQUE KEY `users_email_unique` (`email`)
) ENGINE=InnoDB AUTO_INCREMENT=4 DEFAULT CHARSET=utf8mb4 COLLATE=utf8mb4_unicode_ci;

-- Volcando datos para la tabla testkeplersi.users: ~0 rows (aproximadamente)
/*!40000 ALTER TABLE `users` DISABLE KEYS */;
INSERT INTO `users` (`id`, `name`, `email`, `email_verified_at`, `password`, `remember_token`, `created_at`, `updated_at`) VALUES
	(1, 'Mandiolo', 'aahumada@kepler.cl', NULL, '$2y$10$Bhgm2hs227bnherbHhwH4eRlUCtUoDsXAkPp/As5b3nDvF5dzC5Lu', NULL, '2021-11-16 20:13:37', '2021-11-16 20:13:37'),
	(2, 'TitsMcGee', 'lperez@kepler.cl', NULL, '$2y$10$vRZR04o3bD7bM3suKueK2OaxDIxV4zTF2K8SbnfivxBhwZx6QhKuC', NULL, '2021-11-19 01:34:24', '2021-11-19 01:34:24'),
	(3, 'TestTheTesting', 'test@kepler.cl', NULL, '$2y$10$s1jGWvWlxbziuSKHO/cED.ZTn6JtKRUstPzXxK7QFb45F0m40F7N2', NULL, '2021-11-23 17:38:33', '2021-11-23 17:38:33');
/*!40000 ALTER TABLE `users` ENABLE KEYS */;

-- Volcando estructura para vista testkeplersi.selectanswersbyuser
-- Eliminando tabla temporal y crear estructura final de VIEW
DROP TABLE IF EXISTS `selectanswersbyuser`;
CREATE ALGORITHM=UNDEFINED DEFINER=`root`@`localhost` SQL SECURITY DEFINER VIEW `selectanswersbyuser` AS select qu.id as Nro_Pregunta,
qu.content as Pregunta,
an.value as Respuesta,
us.name as Encuestado,
sc.value as Puntaje,
(select DISTINCT sum(scs.value)
from answers ans 
inner join questions qus
on qus.id = ans.question_id
inner join entries ens
on ans.entry_id = ens.id
inner join users uss
on uss.id = ens.participant_id
inner join scores scs
on qus.id = scs.question_id
where ans.value = scs.options) as SumaScores
from answers an 
inner join entries en 
on an.entry_id = en.id 
inner join questions qu
on qu.id = an.question_id
inner join scores sc
on qu.id = sc.question_id
inner join users us 
on en.participant_id = us.id
WHERE AN.value = SC.options ;

/*!40101 SET SQL_MODE=IFNULL(@OLD_SQL_MODE, '') */;
/*!40014 SET FOREIGN_KEY_CHECKS=IF(@OLD_FOREIGN_KEY_CHECKS IS NULL, 1, @OLD_FOREIGN_KEY_CHECKS) */;
/*!40101 SET CHARACTER_SET_CLIENT=@OLD_CHARACTER_SET_CLIENT */;
